Date,Overall AQI Value,Main Pollutant,Site Name (of Overall AQI),Site ID (of Overall AQI),Source (of Overall AQI),CO,Ozone,PM10,PM25,NO2
1/1/2022,61,PM2.5,Mira Loma (Van Buren),06-065-8005,AQS,7,44,21,61,25
1/2/2022,62,PM2.5,Indio,06-065-2002,AQS,6,40,19,62,30
1/3/2022,73,PM2.5,Mira Loma (Van Buren),06-065-8005,AQS,9,40,39,73,36
1/4/2022,84,PM2.5,Mira Loma (Van Buren),06-065-8005,AQS,11,41,47,84,42
1/5/2022,84,PM2.5,Mira Loma (Van Buren),06-065-8005,AQS,11,37,50,84,43
1/6/2022,76,PM2.5,Mira Loma (Van Buren),06-065-8005,AQS,11,37,45,76,48
1/7/2022,94,PM2.5,Mira Loma (Van Buren),06-065-8005,AQS,13,48,49,94,38
1/8/2022,90,PM2.5,Mira Loma (Van Buren),06-065-8005,AQS,7,43,58,90,35
1/9/2022,53,PM2.5,Rubidoux,06-065-8001,AQS,9,44,21,53,24
1/10/2022,41,Ozone,Banning Airport,06-065-0012,AQS,3,41,27,24,22
1/11/2022,44,Ozone,Morongo Air Monitoring Station,06-065-1016,AQS,3,44,28,35,38
1/12/2022,54,PM2.5,Indio,06-065-2002,AQS,7,42,43,54,41
1/13/2022,68,PM2.5,Mira Loma (Van Buren),06-065-8005,AQS,10,37,61,68,42
1/14/2022,58,PM2.5,Mira Loma (Van Buren),06-065-8005,AQS,14,41,55,58,37
1/15/2022,46,PM2.5,Indio,06-065-2002,AQS,6,42,26,46,35
1/16/2022,55,PM2.5,Indio,06-065-2002,AQS,6,44,29,55,36
1/17/2022,71,PM2.5,Mira Loma (Van Buren),06-065-8005,AQS,6,40,40,71,33
1/18/2022,65,PM2.5,Mira Loma (Van Buren),06-065-8005,AQS,5,33,29,65,26
1/19/2022,86,PM2.5,Mira Loma (Van Buren),06-065-8005,AQS,6,37,40,86,34
1/20/2022,54,PM2.5,Rubidoux,06-065-8001,AQS,7,41,34,54,37
1/21/2022,73,PM10,29 Palms,06-065-0500,AQS,9,41,73,55,35
1/22/2022,55,PM10,Mira Loma (Van Buren),06-065-8005,AQS,2,40,55,34,10
1/23/2022,41,Ozone,Temecula,06-065-0016,AQS,6,41,21,34,35
1/24/2022,59,PM2.5,Mira Loma (Van Buren),06-065-8005,AQS,8,42,41,59,34
1/25/2022,54,PM2.5,Indio,06-065-2002,AQS,10,43,39,54,37
1/26/2022,42,Ozone,Temecula,06-065-0016,AQS,3,42,30,34,38
1/27/2022,45,Ozone,Pechanga,06-065-0009,AQS,5,45,28,34,41
1/28/2022,47,Ozone,Pechanga,06-065-0009,AQS,6,47,33,38,36
1/29/2022,69,PM2.5,Mira Loma (Van Buren),06-065-8005,AQS,9,43,58,69,38
1/30/2022,72,PM2.5,Mira Loma (Van Buren),06-065-8005,AQS,10,44,49,72,34
1/31/2022,82,PM2.5,Mira Loma (Van Buren),06-065-8005,AQS,10,45,56,82,40
2/1/2022,83,PM2.5,Rubidoux,06-065-8001,AQS,7,40,54,83,35
2/2/2022,300,PM10,29 Palms,06-065-0500,AQS,6,43,300,80,32
2/3/2022,43,Ozone,Banning Airport,06-065-0012,AQS,3,43,38,31,25
2/4/2022,44,PM10,Banning Airport,06-065-0012,AQS,5,43,44,38,39
2/5/2022,45,Ozone,Morongo Air Monitoring Station,06-065-1016,AQS,5,45,29,39,33
2/6/2022,45,Ozone,Banning Airport,06-065-0012,AQS,5,45,32,32,30
2/7/2022,57,PM10,Torres Martinez Administration Site,06-065-1999,AQS,7,45,57,36,38
2/8/2022,48,PM2.5,Mira Loma (Van Buren),06-065-8005,AQS,7,44,41,48,41
2/9/2022,44,Ozone,Banning Airport,06-065-0012,AQS,2,44,31,33,37
2/10/2022,52,PM10,Mira Loma (Van Buren),06-065-8005,AQS,3,43,52,43,40
2/11/2022,49,Ozone,Lake Elsinore,06-065-9001,AQS,6,49,35,45,44
2/12/2022,52,PM2.5,Indio,06-065-2002,AQS,7,44,35,52,38
2/13/2022,62,PM2.5,Mira Loma (Van Buren),06-065-8005,AQS,8,48,46,62,43
2/14/2022,67,Ozone,Pechanga,06-065-0009,AQS,9,67,51,65,42
2/15/2022,409,PM10,Torres Martinez Administration Site,06-065-1999,AQS,3,43,409,74,17
2/16/2022,44,PM2.5,Banning Airport,06-065-0012,AQS,3,42,44,44,30
2/17/2022,46,PM10,Torres Martinez Administration Site,06-065-1999,AQS,6,42,46,38,32
2/18/2022,56,PM2.5,Mira Loma (Van Buren),06-065-8005,AQS,7,44,51,56,42
2/19/2022,67,PM2.5,Mira Loma (Van Buren),06-065-8005,AQS,10,46,52,67,40
2/20/2022,69,PM2.5,Mira Loma (Van Buren),06-065-8005,AQS,10,51,44,69,32
2/21/2022,97,PM10,29 Palms,06-065-0500,AQS,3,45,97,64,8
2/22/2022,107,PM10,Torres Martinez Administration Site,06-065-1999,AQS,2,43,107,43,20
2/23/2022,40,Ozone,Indio,06-065-2002,AQS,3,40,11,38,26
2/24/2022,44,PM2.5,Indio,06-065-2002,AQS,3,43,29,44,32
2/25/2022,60,PM2.5,Mira Loma (Van Buren),06-065-8005,AQS,7,44,38,60,36
2/26/2022,46,Ozone,Temecula,06-065-0016,AQS,7,46,24,33,35
2/27/2022,46,Ozone,Lake Elsinore,06-065-9001,AQS,5,46,24,42,28
2/28/2022,46,Ozone,Pechanga,06-065-0009,AQS,3,46,33,32,34
3/1/2022,54,Ozone,Temecula,06-065-0016,AQS,6,54,35,34,45
3/2/2022,80,Ozone,Pechanga,06-065-0009,AQS,9,80,57,58,47
3/3/2022,71,Ozone,Joshua Tree NP - Cottonwood Visitor Center,06-065-0010,AQS,9,71,53,64,43
3/4/2022,45,PM10,Torres Martinez Administration Site,06-065-1999,AQS,2,43,45,36,19
3/5/2022,76,PM10,Torres Martinez Administration Site,06-065-1999,AQS,3,45,76,42,18
3/6/2022,54,PM2.5,Rubidoux,06-065-8001,AQS,5,42,24,54,25
3/7/2022,50,PM2.5,Rubidoux,06-065-8001,AQS,7,45,34,50,31
3/8/2022,48,Ozone,Pechanga,06-065-0009,AQS,3,48,22,29,34
3/9/2022,54,Ozone,Joshua Tree NP - Cottonwood Visitor Center,06-065-0010,AQS,7,54,37,53,38
3/10/2022,186,PM10,29 Palms,06-065-0500,AQS,2,50,186,84,20
3/11/2022,49,Ozone,Lake Elsinore,06-065-9001,AQS,5,49,42,36,39
3/12/2022,52,PM2.5,Mira Loma (Van Buren),06-065-8005,AQS,7,51,44,52,38
3/13/2022,67,Ozone,Indio,06-065-2002,AQS,9,67,48,65,37
3/14/2022,71,Ozone,Lake Elsinore,06-065-9001,AQS,7,71,53,63,43
3/15/2022,90,Ozone,Banning Airport,06-065-0012,AQS,9,90,56,66,45
3/16/2022,62,PM2.5,Mira Loma (Van Buren),06-065-8005,AQS,7,58,52,62,34
3/17/2022,54,Ozone,Morongo Air Monitoring Station,06-065-1016,AQS,5,54,43,49,32
3/18/2022,74,Ozone,Lake Elsinore,06-065-9001,AQS,7,74,56,62,41
3/19/2022,77,Ozone,Joshua Tree NP - Cottonwood Visitor Center,06-065-0010,AQS,7,77,72,60,35
3/20/2022,74,PM10,29 Palms,06-065-0500,AQS,3,46,74,55,21
3/21/2022,55,PM2.5,Mira Loma (Van Buren),06-065-8005,AQS,5,49,42,55,32
3/22/2022,54,Ozone,Pechanga,06-065-0009,AQS,5,54,38,42,37
3/23/2022,61,Ozone,Lake Elsinore,06-065-9001,AQS,7,61,37,48,39
3/24/2022,90,Ozone,Lake Elsinore,06-065-9001,AQS,7,90,49,58,43
3/25/2022,97,Ozone,Pechanga,06-065-0009,AQS,8,97,56,59,43
3/26/2022,84,Ozone,Palm Springs,06-065-5001,AQS,8,84,49,67,36
3/27/2022,59,PM2.5,Indio,06-065-2002,AQS,2,51,39,59,23
3/28/2022,106,PM10,Torres Martinez Administration Site,06-065-1999,AQS,2,42,106,49,14
3/29/2022,62,PM2.5,Indio,06-065-2002,AQS,2,47,44,62,17
3/30/2022,61,PM2.5,Morongo Air Monitoring Station,06-065-1016,AQS,5,47,34,61,25
3/31/2022,61,PM2.5,Banning Airport,06-065-0012,AQS,2,61,28,61,9
4/1/2022,77,PM2.5,Morongo Air Monitoring Station,06-065-1016,AQS,2,64,33,77,24
4/2/2022,91,PM2.5,Morongo Air Monitoring Station,06-065-1016,AQS,3,71,40,91,22
4/3/2022,80,Ozone,Joshua Tree NP - Cottonwood Visitor Center,06-065-0010,AQS,3,80,37,72,8
4/4/2022,93,Ozone,Palm Springs,06-065-5001,AQS,5,93,43,72,38
4/5/2022,129,Ozone,Banning Airport,06-065-0012,AQS,8,129,52,74,36
4/6/2022,87,Ozone,Pechanga,06-065-0009,AQS,8,87,51,62,42
4/7/2022,50,Ozone,Temecula,06-065-0016,AQS,5,50,44,44,39
4/8/2022,77,Ozone,Lake Elsinore,06-065-9001,AQS,6,77,42,46,42
4/9/2022,87,Ozone,Banning Airport,06-065-0012,AQS,7,87,60,66,42
4/10/2022,157,PM10,29 Palms,06-065-0500,AQS,2,67,157,90,6
4/11/2022,660,PM10,29 Palms,06-065-0500,AQS,2,49,660,157,9
4/12/2022,54,PM10,29 Palms,06-065-0500,AQS,2,50,54,49,25
4/13/2022,71,Ozone,Pechanga,06-065-0009,AQS,5,71,45,52,37
4/14/2022,97,Ozone,Indio,06-065-2002,AQS,6,97,52,58,36
4/15/2022,77,Ozone,Indio,06-065-2002,AQS,6,77,51,58,34
4/16/2022,110,PM10,29 Palms,06-065-0500,AQS,3,45,110,67,17
4/17/2022,77,Ozone,Morongo Air Monitoring Station,06-065-1016,AQS,3,77,63,58,19
4/18/2022,112,Ozone,Morongo Air Monitoring Station,06-065-1016,AQS,6,112,51,61,30
4/19/2022,138,PM10,Torres Martinez Administration Site,06-065-1999,AQS,5,51,138,55,31
4/20/2022,129,PM10,29 Palms,06-065-0500,AQS,2,50,129,70,8
4/21/2022,77,PM10,Torres Martinez Administration Site,06-065-1999,AQS,3,51,77,46,21
4/22/2022,139,PM10,Torres Martinez Administration Site,06-065-1999,AQS,3,51,139,47,20
4/23/2022,64,Ozone,Pechanga,06-065-0009,AQS,5,64,26,44,23
4/24/2022,61,Ozone,Pechanga,06-065-0009,AQS,6,61,26,38,30
4/25/2022,84,Ozone,Mira Loma (Van Buren),06-065-8005,AQS,7,84,43,52,42
4/26/2022,112,Ozone,Joshua Tree NP - Cottonwood Visitor Center,06-065-0010,AQS,8,112,51,61,51
4/27/2022,67,PM2.5,Banning Airport,06-065-0012,AQS,3,67,61,67,23
4/28/2022,202,PM10,Torres Martinez Administration Site,06-065-1999,AQS,2,97,202,94,8
4/29/2022,112,Ozone,Lake Elsinore,06-065-9001,AQS,3,112,57,71,28
4/30/2022,150,Ozone,Banning Airport,06-065-0012,AQS,7,150,59,77,39
5/1/2022,100,Ozone,Banning Airport,06-065-0012,AQS,5,100,62,66,19
5/2/2022,93,Ozone,Palm Springs,06-065-5001,AQS,2,93,55,71,9
5/3/2022,101,Ozone,Banning Airport,06-065-0012,AQS,2,101,57,65,11
5/4/2022,93,Ozone,Mira Loma (Van Buren),06-065-8005,AQS,5,93,55,68,39
5/5/2022,115,Ozone,Palm Springs,06-065-5001,AQS,5,115,56,73,30
5/6/2022,108,Ozone,Palm Springs,06-065-5001,AQS,7,108,73,65,42
5/7/2022,123,PM10,29 Palms,06-065-0500,AQS,3,87,123,70,19
5/8/2022,792,PM10,29 Palms,06-065-0500,AQS,2,49,792,156,4
5/9/2022,78,PM10,Torres Martinez Administration Site,06-065-1999,AQS,2,58,78,55,10
5/10/2022,63,PM10,Torres Martinez Administration Site,06-065-1999,AQS,5,51,63,56,29
5/11/2022,64,Ozone,29 Palms,06-065-0500,AQS,3,64,44,57,24
5/12/2022,90,Ozone,Temecula,06-065-0016,AQS,5,90,47,48,42
5/13/2022,122,Ozone,Lake Elsinore,06-065-9001,AQS,6,122,60,58,42
5/14/2022,150,Ozone,Mira Loma (Van Buren),06-065-8005,AQS,8,150,56,61,45
5/15/2022,129,Ozone,Morongo Air Monitoring Station,06-065-1016,AQS,9,129,66,62,36
5/16/2022,105,Ozone,29 Palms,06-065-0500,AQS,3,105,80,66,23
5/17/2022,105,Ozone,29 Palms,06-065-0500,AQS,2,105,63,66,9
5/18/2022,161,Ozone,Banning Airport,06-065-0012,AQS,3,161,52,69,31
5/19/2022,126,Ozone,Palm Springs,06-065-5001,AQS,2,126,74,71,29
5/20/2022,187,PM10,Torres Martinez Administration Site,06-065-1999,AQS,2,71,187,70,7
5/21/2022,67,Ozone,Palm Springs,06-065-5001,AQS,2,67,50,54,5
5/22/2022,101,Ozone,Palm Springs,06-065-5001,AQS,2,101,42,61,6
5/23/2022,140,Ozone,Palm Springs,06-065-5001,AQS,2,140,54,68,17
5/24/2022,151,Ozone,Rubidoux,06-065-8001,AQS,3,151,57,69,39
5/25/2022,151,Ozone,Banning Airport,06-065-0012,AQS,3,151,56,67,22
5/26/2022,105,Ozone,Palm Springs,06-065-5001,AQS,3,105,59,63,24
5/27/2022,71,Ozone,29 Palms,06-065-0500,AQS,2,71,60,58,21
5/28/2022,1683,PM10,29 Palms,06-065-0500,AQS,2,61,1683,189,9
5/29/2022,1548,PM10,29 Palms,06-065-0500,AQS,2,61,1548,184,6
5/30/2022,74,Ozone,Morongo Air Monitoring Station,06-065-1016,AQS,2,74,70,57,7
5/31/2022,108,Ozone,Morongo Air Monitoring Station,06-065-1016,AQS,2,108,52,63,20
6/1/2022,115,Ozone,Rubidoux,06-065-8001,AQS,5,115,58,71,42
6/2/2022,143,Ozone,Morongo Air Monitoring Station,06-065-1016,AQS,3,143,63,66,22
6/3/2022,108,Ozone,29 Palms,06-065-0500,AQS,2,108,59,67,22
6/4/2022,101,PM10,29 Palms,06-065-0500,AQS,2,67,101,67,18
6/5/2022,72,PM10,Torres Martinez Administration Site,06-065-1999,AQS,2,64,72,64,6
6/6/2022,90,Ozone,29 Palms,06-065-0500,AQS,2,90,81,55,18
6/7/2022,126,Ozone,Palm Springs,06-065-5001,AQS,3,126,84,56,17
6/8/2022,172,Ozone,Banning Airport,06-065-0012,AQS,3,172,107,63,24
6/9/2022,172,Ozone,Rubidoux,06-065-8001,AQS,5,172,98,67,42
6/10/2022,190,Ozone,Morongo Air Monitoring Station,06-065-1016,AQS,5,190,54,64,37
6/11/2022,174,Ozone,Morongo Air Monitoring Station,06-065-1016,AQS,3,174,54,62,24
6/12/2022,86,PM10,Torres Martinez Administration Site,06-065-1999,AQS,3,80,86,61,13
6/13/2022,147,PM10,29 Palms,06-065-0500,AQS,2,80,147,72,9
6/14/2022,140,Ozone,Morongo Air Monitoring Station,06-065-1016,AQS,2,140,69,63,11
6/15/2022,150,Ozone,Rubidoux,06-065-8001,AQS,3,150,85,67,21
6/16/2022,169,Ozone,Morongo Air Monitoring Station,06-065-1016,AQS,3,169,70,69,16
6/17/2022,90,Ozone,Palm Springs,06-065-5001,AQS,2,90,87,61,21
6/18/2022,70,PM10,Torres Martinez Administration Site,06-065-1999,AQS,2,61,70,52,8
6/19/2022,101,Ozone,Morongo Air Monitoring Station,06-065-1016,AQS,3,101,42,55,19
6/20/2022,136,Ozone,Rubidoux,06-065-8001,AQS,5,136,54,55,42
6/21/2022,140,Ozone,Rubidoux,06-065-8001,AQS,6,140,75,64,48
6/22/2022,84,Ozone,Lake Elsinore,06-065-9001,AQS,3,84,62,65,40
6/23/2022,105,Ozone,Rubidoux,06-065-8001,AQS,5,105,39,56,36
6/24/2022,122,Ozone,Rubidoux,06-065-8001,AQS,6,122,48,53,43
6/25/2022,112,Ozone,Rubidoux,06-065-8001,AQS,7,112,46,59,34
6/26/2022,166,Ozone,Rubidoux,06-065-8001,AQS,9,166,63,69,19
6/27/2022,154,Ozone,Mira Loma (Van Buren),06-065-8005,AQS,6,154,141,93,42
6/28/2022,161,Ozone,Morongo Air Monitoring Station,06-065-1016,AQS,6,161,53,59,40
6/29/2022,122,Ozone,Mira Loma (Van Buren),06-065-8005,AQS,3,122,69,56,21
6/30/2022,108,Ozone,Morongo Air Monitoring Station,06-065-1016,AQS,3,108,62,58,23
7/1/2022,93,Ozone,Morongo Air Monitoring Station,06-065-1016,AQS,3,93,57,59,19
7/2/2022,55,PM2.5,Rubidoux,06-065-8001,AQS,2,49,53,55,14
7/3/2022,63,PM10,29 Palms,06-065-0500,AQS,2,47,63,55,11
7/4/2022,64,PM2.5,Mira Loma (Van Buren),06-065-8005,AQS,2,50,53,64,10
7/5/2022,114,PM2.5,Rubidoux,06-065-8001,AQS,2,84,58,114,8
7/6/2022,67,Ozone,Palm Springs,06-065-5001,AQS,2,67,44,55,23
7/7/2022,77,Ozone,Morongo Air Monitoring Station,06-065-1016,AQS,2,77,59,51,25
7/8/2022,87,Ozone,Palm Springs,06-065-5001,AQS,2,87,51,52,21
7/9/2022,122,Ozone,Morongo Air Monitoring Station,06-065-1016,AQS,3,122,46,54,16
7/10/2022,140,Ozone,Morongo Air Monitoring Station,06-065-1016,AQS,5,140,45,58,21
7/11/2022,166,Ozone,Morongo Air Monitoring Station,06-065-1016,AQS,3,166,61,59,22
7/12/2022,156,Ozone,Morongo Air Monitoring Station,06-065-1016,AQS,2,156,59,61,32
7/13/2022,182,Ozone,Banning Airport,06-065-0012,AQS,2,182,64,56,25
7/14/2022,108,Ozone,Morongo Air Monitoring Station,06-065-1016,AQS,2,108,46,61,38
7/15/2022,159,Ozone,Lake Elsinore,06-065-9001,AQS,3,159,57,60,30
7/16/2022,174,Ozone,Rubidoux,06-065-8001,AQS,3,174,52,63,27
7/17/2022,115,Ozone,Morongo Air Monitoring Station,06-065-1016,AQS,3,115,47,59,19
7/18/2022,136,Ozone,Morongo Air Monitoring Station,06-065-1016,AQS,3,136,50,54,22
7/19/2022,133,Ozone,Morongo Air Monitoring Station,06-065-1016,AQS,3,133,65,55,29
7/20/2022,112,Ozone,Lake Elsinore,06-065-9001,AQS,3,112,63,52,26
7/21/2022,140,Ozone,Palm Springs,06-065-5001,AQS,5,140,84,58,35
7/22/2022,174,Ozone,Morongo Air Monitoring Station,06-065-1016,AQS,3,174,58,62,27
7/23/2022,108,Ozone,Rubidoux,06-065-8001,AQS,2,108,55,66,16
7/24/2022,100,Ozone,Rubidoux,06-065-8001,AQS,2,100,69,72,11
7/25/2022,119,Ozone,Rubidoux,06-065-8001,AQS,2,119,44,68,19
7/26/2022,151,Ozone,Morongo Air Monitoring Station,06-065-1016,AQS,2,151,54,62,13
7/27/2022,150,Ozone,Morongo Air Monitoring Station,06-065-1016,AQS,3,150,61,60,25
7/28/2022,147,Ozone,Palm Springs,06-065-5001,AQS,3,147,55,54,24
7/29/2022,105,Ozone,Rubidoux,06-065-8001,AQS,2,105,63,56,19
7/30/2022,115,Ozone,Rubidoux,06-065-8001,AQS,3,115,43,56,15
7/31/2022,97,Ozone,Rubidoux,06-065-8001,AQS,2,97,31,53,12
8/1/2022,90,Ozone,Rubidoux,06-065-8001,AQS,3,90,45,54,23
8/2/2022,100,Ozone,Banning Airport,06-065-0012,AQS,2,100,71,55,19
8/3/2022,119,Ozone,Palm Springs,06-065-5001,AQS,2,119,54,55,17
8/4/2022,130,PM10,Torres Martinez Administration Site,06-065-1999,AQS,2,64,130,61,18
8/5/2022,77,Ozone,Rubidoux,06-065-8001,AQS,2,77,56,59,15
8/6/2022,115,Ozone,Banning Airport,06-065-0012,AQS,2,115,42,53,16
8/7/2022,132,PM10,29 Palms,06-065-0500,AQS,6,90,132,75,25
8/8/2022,114,PM10,29 Palms,06-065-0500,AQS,5,101,114,73,28
8/9/2022,175,PM10,29 Palms,06-065-0500,AQS,3,90,175,108,28
8/10/2022,64,Ozone,Palm Springs,06-065-5001,AQS,3,64,47,54,25
8/11/2022,93,Ozone,Rubidoux,06-065-8001,AQS,6,93,65,58,29
8/12/2022,140,Ozone,Rubidoux,06-065-8001,AQS,5,140,92,63,30
8/13/2022,101,Ozone,Rubidoux,06-065-8001,AQS,5,101,53,61,31
8/14/2022,97,Ozone,Rubidoux,06-065-8001,AQS,3,97,52,63,16
8/15/2022,119,Ozone,Rubidoux,06-065-8001,AQS,5,119,100,70,27
8/16/2022,161,Ozone,Rubidoux,06-065-8001,AQS,3,161,66,64,23
8/17/2022,143,Ozone,Morongo Air Monitoring Station,06-065-1016,AQS,3,143,59,59,25
8/18/2022,154,Ozone,Palm Springs,06-065-5001,AQS,3,154,66,56,28
8/19/2022,151,Ozone,Morongo Air Monitoring Station,06-065-1016,AQS,3,151,95,62,42
8/20/2022,119,Ozone,Banning Airport,06-065-0012,AQS,2,119,81,61,12
8/21/2022,101,Ozone,Banning Airport,06-065-0012,AQS,2,101,34,62,11
8/22/2022,150,Ozone,Banning Airport,06-065-0012,AQS,2,150,135,83,13
8/23/2022,156,Ozone,Rubidoux,06-065-8001,AQS,3,156,53,61,24
8/24/2022,100,PM10,29 Palms,06-065-0500,AQS,3,97,100,67,21
8/25/2022,90,Ozone,Morongo Air Monitoring Station,06-065-1016,AQS,3,90,51,55,22
8/26/2022,119,Ozone,Morongo Air Monitoring Station,06-065-1016,AQS,3,119,66,58,21
8/27/2022,90,Ozone,Morongo Air Monitoring Station,06-065-1016,AQS,2,90,63,53,16
8/28/2022,58,Ozone,Morongo Air Monitoring Station,06-065-1016,AQS,2,58,30,55,20
8/29/2022,133,Ozone,Banning Airport,06-065-0012,AQS,2,133,45,58,25
8/30/2022,151,Ozone,Morongo Air Monitoring Station,06-065-1016,AQS,5,151,58,60,32
8/31/2022,161,Ozone,Rubidoux,06-065-8001,AQS,8,161,64,59,43
9/1/2022,164,Ozone,Rubidoux,06-065-8001,AQS,9,164,70,68,52
9/2/2022,143,Ozone,Lake Elsinore,06-065-9001,AQS,5,143,61,66,28
9/3/2022,101,Ozone,Rubidoux,06-065-8001,AQS,6,101,57,62,33
9/4/2022,87,Ozone,Rubidoux,06-065-8001,AQS,6,87,51,58,28
9/5/2022,143,Ozone,Rubidoux,06-065-8001,AQS,5,143,49,60,28
9/6/2022,140,Ozone,Rubidoux,06-065-8001,AQS,5,140,57,64,37
9/7/2022,156,Ozone,Rubidoux,06-065-8001,AQS,6,156,62,72,35
9/8/2022,126,Ozone,Lake Elsinore,06-065-9001,AQS,6,126,56,70,39
9/9/2022,56,PM10,29 Palms,06-065-0500,AQS,5,28,56,46,34
9/10/2022,55,PM2.5,Rubidoux,06-065-8001,AQS,3,33,19,55,17
9/11/2022,46,PM2.5,Temecula,06-065-0016,AQS,2,44,19,46,15
9/12/2022,49,PM2.5,Banning Airport,06-065-0012,AQS,2,45,18,49,14
9/13/2022,67,Ozone,29 Palms,06-065-0500,AQS,2,67,22,47,14
9/14/2022,77,Ozone,29 Palms,06-065-0500,AQS,2,77,31,56,14
9/15/2022,58,Ozone,29 Palms,06-065-0500,AQS,3,58,31,56,13
9/16/2022,87,Ozone,Palm Springs,06-065-5001,AQS,3,87,37,58,19
9/17/2022,100,Ozone,29 Palms,06-065-0500,AQS,3,100,42,62,19
9/18/2022,58,Ozone,29 Palms,06-065-0500,AQS,3,58,29,54,8
9/19/2022,61,Ozone,Palm Springs,06-065-5001,AQS,3,61,30,46,21
9/20/2022,48,Ozone,Palm Springs,06-065-5001,AQS,3,48,32,41,22
9/21/2022,51,Ozone,Banning Airport,06-065-0012,AQS,3,51,33,36,20
9/22/2022,97,Ozone,Rubidoux,06-065-8001,AQS,7,97,60,53,32
9/23/2022,61,PM10,Mira Loma (Van Buren),06-065-8005,AQS,8,58,61,57,49
9/24/2022,105,Ozone,Rubidoux,06-065-8001,AQS,6,105,52,57,28
9/25/2022,93,Ozone,Rubidoux,06-065-8001,AQS,8,93,51,57,31
9/26/2022,129,Ozone,Rubidoux,06-065-8001,AQS,6,129,64,61,37
9/27/2022,115,Ozone,Rubidoux,06-065-8001,AQS,8,115,63,63,47
9/28/2022,166,Ozone,Rubidoux,06-065-8001,AQS,10,166,61,66,51
9/29/2022,112,Ozone,Rubidoux,06-065-8001,AQS,6,112,59,70,43
9/30/2022,68,PM2.5,Mira Loma (Van Buren),06-065-8005,AQS,5,67,46,68,21
10/1/2022,67,Ozone,Palm Springs,06-065-5001,AQS,2,67,36,55,18
10/2/2022,87,Ozone,Rubidoux,06-065-8001,AQS,2,87,34,63,13
10/3/2022,112,Ozone,Lake Elsinore,06-065-9001,AQS,3,112,51,63,26
10/4/2022,115,Ozone,Rubidoux,06-065-8001,AQS,6,115,56,66,35
10/5/2022,133,Ozone,Rubidoux,06-065-8001,AQS,5,133,58,67,30
10/6/2022,406,PM10,29 Palms,06-065-0500,AQS,3,112,406,121,27
10/7/2022,309,PM10,Palm Springs,06-065-5001,AQS,6,119,309,114,30
10/8/2022,136,Ozone,Rubidoux,06-065-8001,AQS,5,136,61,74,21
10/9/2022,101,Ozone,Rubidoux,06-065-8001,AQS,5,101,53,64,23
10/10/2022,87,Ozone,Rubidoux,06-065-8001,AQS,3,87,51,63,25
10/11/2022,73,PM2.5,Rubidoux,06-065-8001,AQS,3,61,44,73,18
10/12/2022,74,Ozone,Lake Elsinore,06-065-9001,AQS,8,74,44,70,22
10/13/2022,91,PM2.5,Mira Loma (Van Buren),06-065-8005,AQS,3,84,50,91,22
10/14/2022,90,PM2.5,Rubidoux,06-065-8001,AQS,5,61,57,90,14
10/15/2022,57,PM10,29 Palms,06-065-0500,AQS,5,38,57,54,8
10/16/2022,62,PM2.5,Banning Airport,06-065-0012,AQS,6,46,20,62,25
10/17/2022,68,PM2.5,Mira Loma (Van Buren),06-065-8005,AQS,8,58,34,68,33
10/18/2022,60,PM2.5,Mira Loma (Van Buren),06-065-8005,AQS,8,46,35,60,44
10/19/2022,51,PM2.5,Mira Loma (Van Buren),06-065-8005,AQS,7,45,35,51,42
10/20/2022,51,Ozone,Pechanga,06-065-0009,AQS,7,51,37,47,37
10/21/2022,93,Ozone,Palm Springs,06-065-5001,AQS,8,93,42,57,38
10/22/2022,93,PM10,29 Palms,06-065-0500,AQS,2,49,93,67,9
10/23/2022,46,PM2.5,Mira Loma (Van Buren),06-065-8005,AQS,2,44,29,46,20
10/24/2022,48,PM10,Mira Loma (Van Buren),06-065-8005,AQS,3,43,48,32,34
10/25/2022,51,PM2.5,Banning Airport,06-065-0012,AQS,7,49,51,51,39
10/26/2022,58,PM2.5,Mira Loma (Van Buren),06-065-8005,AQS,9,58,48,58,37
10/27/2022,60,PM2.5,Mira Loma (Van Buren),06-065-8005,AQS,6,58,53,60,39
10/28/2022,58,PM2.5,Mira Loma (Van Buren),06-065-8005,AQS,8,49,53,58,36
10/29/2022,70,PM2.5,Mira Loma (Van Buren),06-065-8005,AQS,10,61,55,70,36
10/30/2022,66,PM2.5,Mira Loma (Van Buren),06-065-8005,AQS,11,64,44,66,39
10/31/2022,67,Ozone,Pechanga,06-065-0009,AQS,9,67,58,59,41
11/1/2022,64,PM2.5,Mira Loma (Van Buren),06-065-8005,AQS,9,64,55,64,34
11/2/2022,48,PM2.5,Banning Airport,06-065-0012,AQS,3,41,31,48,25
11/3/2022,44,PM2.5,Banning Airport,06-065-0012,AQS,3,40,28,44,25
11/4/2022,53,PM2.5,Mira Loma (Van Buren),06-065-8005,AQS,6,41,40,53,32
11/5/2022,67,PM2.5,Mira Loma (Van Buren),06-065-8005,AQS,9,44,51,67,30
11/6/2022,67,PM2.5,Mira Loma (Van Buren),06-065-8005,AQS,11,48,38,67,26
11/7/2022,47,PM2.5,Mira Loma (Van Buren),06-065-8005,AQS,3,39,44,47,16
11/8/2022,73,PM10,29 Palms,06-065-0500,AQS,3,37,73,40,23
11/9/2022,49,PM2.5,Banning Airport,06-065-0012,AQS,5,39,42,49,21
11/10/2022,52,PM2.5,Mira Loma (Van Buren),06-065-8005,AQS,7,38,27,52,32
11/11/2022,40,Ozone,Temecula,06-065-0016,AQS,6,40,21,39,30
11/12/2022,73,PM2.5,Mira Loma (Van Buren),06-065-8005,AQS,9,44,34,73,31
11/13/2022,71,PM2.5,Mira Loma (Van Buren),06-065-8005,AQS,10,44,31,71,29
11/14/2022,55,PM2.5,Mira Loma (Van Buren),06-065-8005,AQS,6,41,31,55,34
11/15/2022,49,PM10,Mira Loma (Van Buren),06-065-8005,AQS,8,42,49,39,30
11/16/2022,96,PM10,Mira Loma (Van Buren),06-065-8005,AQS,2,44,96,55,26
11/17/2022,41,Ozone,Morongo Air Monitoring Station,06-065-1016,AQS,6,41,28,33,39
11/18/2022,51,PM2.5,Mira Loma (Van Buren),06-065-8005,AQS,9,42,47,51,37
11/19/2022,56,PM10,Mira Loma (Van Buren),06-065-8005,AQS,2,43,56,42,18
11/20/2022,44,Ozone,Banning Airport,06-065-0012,AQS,5,44,26,38,37
11/21/2022,51,PM2.5,Mira Loma (Van Buren),06-065-8005,AQS,7,44,43,51,40
11/22/2022,63,PM2.5,Mira Loma (Van Buren),06-065-8005,AQS,9,43,51,63,38
11/23/2022,65,PM2.5,Mira Loma (Van Buren),06-065-8005,AQS,10,42,53,65,40
11/24/2022,61,PM10,Mira Loma (Van Buren),06-065-8005,AQS,6,42,61,58,34
11/25/2022,54,PM2.5,Rubidoux,06-065-8001,AQS,9,42,34,54,37
11/26/2022,69,PM2.5,Mira Loma (Van Buren),06-065-8005,AQS,10,45,53,69,34
11/27/2022,72,PM2.5,Mira Loma (Van Buren),06-065-8005,AQS,13,49,47,72,35
11/28/2022,107,PM10,29 Palms,06-065-0500,AQS,7,44,107,71,32
11/29/2022,119,PM10,29 Palms,06-065-0500,AQS,5,43,119,74,40
11/30/2022,63,PM2.5,Rubidoux,06-065-8001,AQS,9,43,58,63,29
12/1/2022,61,PM2.5,29 Palms,06-065-0500,AQS,5,43,55,61,20
12/2/2022,58,PM2.5,29 Palms,06-065-0500,AQS,8,36,58,58,31
12/3/2022,64,PM2.5,Rubidoux,06-065-8001,AQS,11,39,31,64,27
12/4/2022,69,PM2.5,Rubidoux,06-065-8001,AQS,13,36,28,69,26
12/5/2022,58,PM2.5,29 Palms,06-065-0500,AQS,5,39,39,58,22
12/6/2022,52,PM2.5,Mira Loma (Van Buren),06-065-8005,AQS,6,38,25,52,26
12/7/2022,57,PM2.5,Banning Airport,06-065-0012,AQS,8,39,21,57,29
12/8/2022,65,PM2.5,Mira Loma (Van Buren),06-065-8005,AQS,8,41,33,65,37
12/9/2022,69,PM2.5,Mira Loma (Van Buren),06-065-8005,AQS,9,42,40,69,30
12/10/2022,69,PM2.5,Mira Loma (Van Buren),06-065-8005,AQS,11,43,34,69,27
12/11/2022,58,PM2.5,29 Palms,06-065-0500,AQS,5,36,35,58,21
12/12/2022,49,PM2.5,Mira Loma (Van Buren),06-065-8005,AQS,8,34,18,49,25
12/13/2022,61,PM2.5,Mira Loma (Van Buren),06-065-8005,AQS,8,34,22,61,28
12/14/2022,69,PM2.5,Mira Loma (Van Buren),06-065-8005,AQS,8,34,35,69,31
12/15/2022,69,PM2.5,Mira Loma (Van Buren),06-065-8005,AQS,10,35,36,69,33
12/16/2022,44,PM2.5,29 Palms,06-065-0500,AQS,6,37,31,44,35
12/17/2022,54,PM2.5,29 Palms,06-065-0500,AQS,6,38,30,54,33
12/18/2022,76,PM2.5,29 Palms,06-065-0500,AQS,9,41,39,76,35
12/19/2022,83,PM2.5,Mira Loma (Van Buren),06-065-8005,AQS,11,40,48,83,41
12/20/2022,78,PM2.5,Mira Loma (Van Buren),06-065-8005,AQS,11,41,49,78,40
12/21/2022,71,PM2.5,Mira Loma (Van Buren),06-065-8005,AQS,10,37,50,71,40
12/22/2022,75,PM2.5,Mira Loma (Van Buren),06-065-8005,AQS,13,35,51,75,36
12/23/2022,92,PM2.5,Mira Loma (Van Buren),06-065-8005,AQS,14,36,56,92,38
12/24/2022,87,PM2.5,Mira Loma (Van Buren),06-065-8005,AQS,14,38,47,87,32
12/25/2022,74,PM2.5,Mira Loma (Van Buren),06-065-8005,AQS,11,40,39,74,31
12/26/2022,66,PM2.5,Mira Loma (Van Buren),06-065-8005,AQS,11,37,51,66,38
12/27/2022,66,PM2.5,Mira Loma (Van Buren),06-065-8005,AQS,13,39,43,66,33
12/28/2022,60,PM2.5,Rubidoux,06-065-8001,AQS,3,39,19,60,24
12/29/2022,53,PM2.5,Banning Airport,06-065-0012,AQS,5,36,19,53,18
12/30/2022,59,PM2.5,Rubidoux,06-065-8001,AQS,5,31,22,59,25
12/31/2022,63,PM2.5,29 Palms,06-065-0500,AQS,6,26,19,63,17
1/1/2023,43,PM2.5,Pechanga,06-065-0009,AQS,5,38,16,43,21
1/2/2023,57,PM2.5,Mira Loma (Van Buren),06-065-8005,AQS,6,38,19,57,18
1/3/2023,52,PM2.5,Rubidoux,06-065-8001,AQS,3,39,11,52,23
1/4/2023,51,PM2.5,Banning Airport,06-065-0012,AQS,6,34,19,51,29
1/5/2023,43,PM2.5,Banning Airport,06-065-0012,AQS,5,37,19,43,22
1/6/2023,52,PM2.5,Mira Loma (Van Buren),06-065-8005,AQS,6,39,19,52,31
1/7/2023,71,PM2.5,Mira Loma (Van Buren),06-065-8005,AQS,10,38,36,71,29
1/8/2023,74,PM2.5,Mira Loma (Van Buren),06-065-8005,AQS,10,38,35,74,26
1/9/2023,55,PM2.5,Mira Loma (Van Buren),06-065-8005,AQS,7,38,25,55,26
1/10/2023,49,PM2.5,Rubidoux,06-065-8001,AQS,5,39,44,49,24
1/11/2023,57,PM2.5,Mira Loma (Van Buren),06-065-8005,AQS,7,38,29,57,30
1/12/2023,46,PM2.5,Mira Loma (Van Buren),06-065-8005,AQS,7,38,30,46,29
1/13/2023,61,PM2.5,Mira Loma (Van Buren),06-065-8005,AQS,10,38,45,61,31
1/14/2023,65,PM2.5,Mira Loma (Van Buren),06-065-8005,AQS,14,38,26,65,26
1/15/2023,41,PM2.5,Temecula,06-065-0016,AQS,3,40,11,41,12
1/16/2023,39,Ozone,Joshua Tree NP - Cottonwood Visitor Center,06-065-0010,AQS,2,39,17,29,15
1/17/2023,38,Ozone,Joshua Tree NP - Cottonwood Visitor Center,06-065-0010,AQS,6,38,19,33,27
1/18/2023,57,PM2.5,Mira Loma (Van Buren),06-065-8005,AQS,7,36,29,57,28
1/19/2023,59,PM2.5,Mira Loma (Van Buren),06-065-8005,AQS,10,38,29,59,28
1/20/2023,43,PM2.5,Banning Airport,06-065-0012,AQS,6,36,18,43,30
1/21/2023,56,PM2.5,Rubidoux,06-065-8001,AQS,6,38,25,56,27
1/22/2023,61,PM2.5,Mira Loma (Van Buren),06-065-8005,AQS,10,41,56,61,25
1/23/2023,99,PM10,Palm Springs,06-065-5001,AQS,2,39,99,62,31
1/24/2023,41,NO2,Mira Loma (Van Buren),06-065-8005,AQS,6,40,31,37,41
1/25/2023,41,Ozone,Banning Airport,06-065-0012,AQS,8,41,31,37,39
1/26/2023,81,PM2.5,Mira Loma (Van Buren),06-065-8005,AQS,2,41,36,81,32
1/27/2023,54,PM2.5,Mira Loma (Van Buren),06-065-8005,AQS,8,41,41,54,34
1/28/2023,67,PM2.5,Mira Loma (Van Buren),06-065-8005,AQS,10,44,38,67,28
1/29/2023,54,PM2.5,Banning Airport,06-065-0012,AQS,5,42,25,54,16
1/30/2023,39,Ozone,Banning Airport,06-065-0012,AQS,3,39,11,26,24
1/31/2023,59,PM2.5,Mira Loma (Van Buren),06-065-8005,AQS,2,42,34,59,8
2/1/2023,44,Ozone,Banning Airport,06-065-0012,AQS,6,44,26,32,38
2/2/2023,55,PM2.5,Mira Loma (Van Buren),06-065-8005,AQS,9,42,48,55,36
2/3/2023,61,PM2.5,Mira Loma (Van Buren),06-065-8005,AQS,9,42,46,61,37
2/4/2023,81,PM2.5,Mira Loma (Van Buren),06-065-8005,AQS,10,44,51,81,32
2/5/2023,76,PM2.5,Mira Loma (Van Buren),06-065-8005,AQS,10,44,53,76,29
2/6/2023,41,PM2.5,Temecula,06-065-0016,AQS,5,40,38,41,26
2/7/2023,40,Ozone,Temecula,06-065-0016,AQS,3,40,27,28,39
2/8/2023,52,PM2.5,Mira Loma (Van Buren),06-065-8005,AQS,7,43,44,52,37
2/9/2023,51,PM2.5,29 Palms,06-065-0500,AQS,8,44,49,51,38
2/10/2023,44,Ozone,Banning Airport,06-065-0012,AQS,5,44,34,35,36
2/11/2023,53,PM2.5,Rubidoux,06-065-8001,AQS,7,47,34,53,35
2/12/2023,55,PM2.5,Mira Loma (Van Buren),06-065-8005,AQS,5,44,25,55,20
2/13/2023,48,PM2.5,Mira Loma (Van Buren),06-065-8005,AQS,3,45,24,48,20
2/14/2023,71,PM10,Mecca (Saul Martinez),06-065-2005,AQS,3,43,71,56,25
2/15/2023,40,Ozone,Temecula,06-065-0016,AQS,5,40,21,29,31
2/16/2023,44,Ozone,Temecula,06-065-0016,AQS,7,44,24,32,36
2/17/2023,44,Ozone,Temecula,06-065-0016,AQS,5,44,28,33,32
2/18/2023,56,PM2.5,Mira Loma (Van Buren),06-065-8005,AQS,8,48,38,56,41
2/19/2023,65,PM2.5,Mira Loma (Van Buren),06-065-8005,AQS,9,48,41,65,31
2/20/2023,62,PM2.5,Mira Loma (Van Buren),06-065-8005,AQS,7,45,49,62,37
2/21/2023,147,PM10,29 Palms,06-065-0500,AQS,9,48,147,72,36
2/22/2023,130,PM10,29 Palms,06-065-0500,AQS,2,42,130,64,10
2/23/2023,39,Ozone,Temecula,06-065-0016,AQS,3,39,10,32,19
2/24/2023,42,Ozone,Joshua Tree NP - Cottonwood Visitor Center,06-065-0010,AQS,3,42,23,32,19
2/25/2023,44,Ozone,Temecula,06-065-0016,AQS,2,44,12,25,9
2/26/2023,44,PM2.5,Mira Loma (Van Buren),06-065-8005,AQS,5,44,12,44,25
2/27/2023,57,PM2.5,Mira Loma (Van Buren),06-065-8005,AQS,8,43,19,57,27
2/28/2023,41,Ozone,Joshua Tree NP - Cottonwood Visitor Center,06-065-0010,AQS,3,41,18,30,18
3/1/2023,44,Ozone,Temecula,06-065-0016,AQS,3,44,18,37,23
3/2/2023,51,PM2.5,Mira Loma (Van Buren),06-065-8005,AQS,6,43,21,51,29
3/3/2023,63,PM2.5,Mira Loma (Van Buren),06-065-8005,AQS,8,50,34,63,30
3/4/2023,65,PM2.5,Mira Loma (Van Buren),06-065-8005,AQS,9,54,58,65,33
3/5/2023,65,PM10,29 Palms,06-065-0500,AQS,3,47,65,55,12
3/6/2023,48,Ozone,Palm Springs,06-065-5001,AQS,2,48,44,38,10
3/7/2023,54,Ozone,Joshua Tree NP - Cottonwood Visitor Center,06-065-0010,AQS,5,54,33,46,22
3/8/2023,54,PM2.5,Banning Airport,06-065-0012,AQS,7,50,37,54,25
3/9/2023,62,PM2.5,Mira Loma (Van Buren),06-065-8005,AQS,6,58,36,62,25
3/10/2023,52,PM2.5,Mira Loma (Van Buren),06-065-8005,AQS,5,44,31,52,21
3/11/2023,75,PM10,29 Palms,06-065-0500,AQS,3,39,75,51,14
3/12/2023,43,Ozone,29 Palms,06-065-0500,AQS,2,43,30,37,8
3/13/2023,58,PM2.5,Rubidoux,06-065-8001,AQS,2,42,39,58,24
3/14/2023,60,PM2.5,Rubidoux,06-065-8001,AQS,5,34,24,60,21
3/15/2023,35,Ozone,Joshua Tree NP - Cottonwood Visitor Center,06-065-0010,AQS,2,35,27,22,16
3/16/2023,41,PM2.5,Mira Loma (Van Buren),06-065-8005,AQS,2,41,18,41,23
3/17/2023,69,PM2.5,Mira Loma (Van Buren),06-065-8005,AQS,6,47,41,69,33
3/18/2023,51,Ozone,Mira Loma (Van Buren),06-065-8005,AQS,6,51,23,43,29
3/19/2023,53,PM2.5,Mira Loma (Van Buren),06-065-8005,AQS,7,49,19,53,26
3/20/2023,43,Ozone,Palm Springs,06-065-5001,AQS,2,43,17,31,22
3/21/2023,47,Ozone,Joshua Tree NP - Cottonwood Visitor Center,06-065-0010,AQS,2,47,20,31,12
3/22/2023,48,Ozone,Joshua Tree NP - Cottonwood Visitor Center,06-065-0010,AQS,2,48,7,31,17
3/23/2023,45,Ozone,29 Palms,06-065-0500,AQS,3,45,21,44,21
3/24/2023,49,Ozone,Palm Springs,06-065-5001,AQS,3,49,43,46,22
3/25/2023,53,PM2.5,Banning Airport,06-065-0012,AQS,6,51,25,53,28
3/26/2023,64,Ozone,Palm Springs,06-065-5001,AQS,6,64,27,57,24
3/27/2023,48,Ozone,Temecula,06-065-0016,AQS,3,48,24,38,33
3/28/2023,67,Ozone,Palm Springs,06-065-5001,AQS,6,67,33,45,41
3/29/2023,78,PM10,29 Palms,06-065-0500,AQS,2,51,78,53,12
3/30/2023,46,Ozone,Palm Springs,06-065-5001,AQS,3,46,12,24,18
3/31/2023,58,Ozone,Palm Springs,06-065-5001,AQS,5,58,22,53,26
4/1/2023,80,Ozone,Palm Springs,06-065-5001,AQS,7,80,30,60,36
4/2/2023,74,Ozone,29 Palms,06-065-0500,AQS,7,74,62,54,20
4/3/2023,379,PM10,29 Palms,06-065-0500,AQS,2,48,379,109,15
4/4/2023,47,Ozone,Palm Springs,06-065-5001,AQS,5,47,20,37,30
4/5/2023,61,Ozone,Palm Springs,06-065-5001,AQS,5,61,29,49,40
4/6/2023,58,Ozone,Pechanga,06-065-0009,AQS,6,58,38,52,37
4/7/2023,93,Ozone,Palm Springs,06-065-5001,AQS,6,93,44,55,38
4/8/2023,61,Ozone,Palm Springs,06-065-5001,AQS,6,61,36,58,27
4/9/2023,90,Ozone,Rubidoux,06-065-8001,AQS,5,90,37,64,25
4/10/2023,108,Ozone,Rubidoux,06-065-8001,AQS,8,108,52,68,30
4/11/2023,93,Ozone,Rubidoux,06-065-8001,AQS,5,93,43,69,20
4/12/2023,75,PM2.5,Rubidoux,06-065-8001,AQS,3,64,53,75,13
4/13/2023,660,PM10,29 Palms,06-065-0500,AQS,2,48,660,155,8
4/14/2023,64,Ozone,Joshua Tree NP - Cottonwood Visitor Center,06-065-0010,AQS,2,64,59,57,12
4/15/2023,90,Ozone,Banning Airport,06-065-0012,AQS,5,90,46,65,23
4/16/2023,112,Ozone,Morongo Air Monitoring Station,06-065-1016,AQS,5,112,44,65,18
4/17/2023,101,Ozone,Joshua Tree NP - Cottonwood Visitor Center,06-065-0010,AQS,3,101,88,75,16
4/18/2023,507,PM10,29 Palms,06-065-0500,AQS,2,74,507,155,8
4/19/2023,87,Ozone,Palm Springs,06-065-5001,AQS,3,87,78,71,33
4/20/2023,93,Ozone,Lake Elsinore,06-065-9001,AQS,6,93,54,59,42
4/21/2023,115,Ozone,Mira Loma (Van Buren),06-065-8005,AQS,7,115,56,60,40
4/22/2023,140,Ozone,Temecula,06-065-0016,AQS,7,140,56,65,42
4/23/2023,100,Ozone,Banning Airport,06-065-0012,AQS,6,100,55,63,27
4/24/2023,90,Ozone,29 Palms,06-065-0500,AQS,2,90,59,67,15
4/25/2023,101,Ozone,Morongo Air Monitoring Station,06-065-1016,AQS,3,101,50,67,12
4/26/2023,97,Ozone,Rubidoux,06-065-8001,AQS,5,97,58,65,34
4/27/2023,133,Ozone,Banning Airport,06-065-0012,AQS,6,133,55,66,30
4/28/2023,172,Ozone,Banning Airport,06-065-0012,AQS,5,172,55,68,21
4/29/2023,151,Ozone,Rubidoux,06-065-8001,AQS,5,151,52,70,18
4/30/2023,100,Ozone,Morongo Air Monitoring Station,06-065-1016,AQS,3,100,47,71,13
5/1/2023,167,PM10,29 Palms,06-065-0500,AQS,2,64,167,87,8
5/2/2023,54,Ozone,Joshua Tree NP - Cottonwood Visitor Center,06-065-0010,AQS,2,54,41,35,9
5/3/2023,49,Ozone,29 Palms,06-065-0500,AQS,2,49,37,33,17
5/4/2023,44,Ozone,Joshua Tree NP - Cottonwood Visitor Center,06-065-0010,AQS,2,44,20,30,13
5/5/2023,51,PM10,29 Palms,06-065-0500,AQS,2,44,51,33,14
5/6/2023,58,PM10,29 Palms,06-065-0500,AQS,5,51,58,46,18
5/7/2023,49,Ozone,Blythe-445 W Murphy Street,06-065-9003,AQS,3,49,35,40,13
5/8/2023,58,Ozone,Joshua Tree NP - Cottonwood Visitor Center,06-065-0010,AQS,3,58,57,53,18
5/9/2023,115,PM10,29 Palms,06-065-0500,AQS,3,80,115,71,16
5/10/2023,152,PM10,29 Palms,06-065-0500,AQS,2,58,152,82,7
5/11/2023,87,Ozone,Palm Springs,06-065-5001,AQS,2,87,51,56,10
5/12/2023,133,Ozone,Banning Airport,06-065-0012,AQS,3,133,50,70,23
5/13/2023,126,Ozone,Rubidoux,06-065-8001,AQS,3,126,54,66,27
5/14/2023,100,Ozone,Banning Airport,06-065-0012,AQS,3,100,45,67,25
5/15/2023,84,Ozone,Palm Springs,06-065-5001,AQS,3,84,53,69,28
5/16/2023,185,Ozone,Morongo Air Monitoring Station,06-065-1016,AQS,3,185,54,73,25
5/17/2023,159,Ozone,Banning Airport,06-065-0012,AQS,3,159,49,63,34
5/18/2023,140,Ozone,Banning Airport,06-065-0012,AQS,3,140,50,66,46
5/19/2023,87,Ozone,Banning Airport,06-065-0012,AQS,3,87,53,72,29
5/20/2023,93,Ozone,Rubidoux,06-065-8001,AQS,3,93,51,68,10
5/21/2023,93,Ozone,Banning Airport,06-065-0012,AQS,3,93,38,63,12
5/22/2023,122,Ozone,Morongo Air Monitoring Station,06-065-1016,AQS,3,122,42,64,14
5/23/2023,80,Ozone,Palm Springs,06-065-5001,AQS,2,80,47,58,10
5/24/2023,74,Ozone,29 Palms,06-065-0500,AQS,2,74,52,54,9
5/25/2023,67,PM10,29 Palms,06-065-0500,AQS,2,61,67,54,8
5/26/2023,106,PM10,29 Palms,06-065-0500,AQS,3,80,106,67,9
5/27/2023,90,Ozone,29 Palms,06-065-0500,AQS,3,90,60,60,8
5/28/2023,80,Ozone,Joshua Tree NP - Cottonwood Visitor Center,06-065-0010,AQS,2,80,55,61,7
5/29/2023,77,Ozone,Joshua Tree NP - Cottonwood Visitor Center,06-065-0010,AQS,2,77,44,57,4
5/30/2023,230,PM10,29 Palms,06-065-0500,AQS,2,64,230,95,8
5/31/2023,125,PM10,29 Palms,06-065-0500,AQS,2,50,125,71,7
6/1/2023,64,Ozone,Joshua Tree NP - Cottonwood Visitor Center,06-065-0010,AQS,2,64,49,52,11
6/2/2023,87,Ozone,Palm Springs,06-065-5001,AQS,2,87,41,58,10
6/3/2023,136,Ozone,Morongo Air Monitoring Station,06-065-1016,AQS,3,136,46,68,23
6/4/2023,115,Ozone,Morongo Air Monitoring Station,06-065-1016,AQS,2,115,46,67,8
6/5/2023,90,Ozone,Joshua Tree NP - Cottonwood Visitor Center,06-065-0010,AQS,2,90,85,70,8
6/6/2023,90,Ozone,Joshua Tree NP - Cottonwood Visitor Center,06-065-0010,AQS,2,90,57,58,7
6/7/2023,80,Ozone,Joshua Tree NP - Cottonwood Visitor Center,06-065-0010,AQS,2,80,46,52,10
6/8/2023,93,Ozone,Joshua Tree NP - Cottonwood Visitor Center,06-065-0010,AQS,3,93,39,60,21
6/9/2023,87,Ozone,Joshua Tree NP - Cottonwood Visitor Center,06-065-0010,AQS,2,87,40,62,8
6/10/2023,64,PM2.5,Morongo Air Monitoring Station,06-065-1016,AQS,2,64,55,64,12
6/11/2023,91,PM10,Mecca (Saul Martinez),06-065-2005,AQS,2,48,91,88,4
6/12/2023,49,Ozone,Joshua Tree NP - Cottonwood Visitor Center,06-065-0010,AQS,2,49,32,43,11
6/13/2023,74,Ozone,29 Palms,06-065-0500,AQS,3,74,40,64,9
6/14/2023,87,Ozone,29 Palms,06-065-0500,AQS,3,87,54,74,13
6/15/2023,90,Ozone,29 Palms,06-065-0500,AQS,3,90,58,60,8
6/16/2023,93,Ozone,Morongo Air Monitoring Station,06-065-1016,AQS,3,93,59,66,10
6/17/2023,140,Ozone,Morongo Air Monitoring Station,06-065-1016,AQS,3,140,44,67,25
6/18/2023,71,Ozone,Joshua Tree NP - Cottonwood Visitor Center,06-065-0010,AQS,3,71,51,56,10
6/19/2023,53,PM2.5,Banning Airport,06-065-0012,AQS,2,45,47,53,5
6/20/2023,101,Ozone,Morongo Air Monitoring Station,06-065-1016,AQS,3,101,51,54,13
6/21/2023,97,Ozone,29 Palms,06-065-0500,AQS,6,97,83,65,25
6/22/2023,83,PM10,29 Palms,06-065-0500,AQS,5,71,83,68,17
6/23/2023,54,PM2.5,Mira Loma (Van Buren),06-065-8005,AQS,2,54,41,54,12
6/24/2023,84,Ozone,Morongo Air Monitoring Station,06-065-1016,AQS,3,84,47,55,24
6/25/2023,90,Ozone,29 Palms,06-065-0500,AQS,2,90,39,53,8
6/26/2023,119,Ozone,Morongo Air Monitoring Station,06-065-1016,AQS,3,119,50,55,25
6/27/2023,115,Ozone,Morongo Air Monitoring Station,06-065-1016,AQS,3,115,65,67,22
6/28/2023,97,Ozone,29 Palms,06-065-0500,AQS,2,97,82,69,31
6/29/2023,174,Ozone,Morongo Air Monitoring Station,06-065-1016,AQS,2,174,54,61,22
6/30/2023,166,Ozone,Morongo Air Monitoring Station,06-065-1016,AQS,3,166,60,65,22
7/1/2023,164,Ozone,Rubidoux,06-065-8001,AQS,5,164,55,61,37
7/2/2023,161,Ozone,Rubidoux,06-065-8001,AQS,3,161,51,66,15
7/3/2023,150,Ozone,Rubidoux,06-065-8001,AQS,5,150,64,64,18
7/4/2023,125,PM10,29 Palms,06-065-0500,AQS,3,74,125,77,13
7/5/2023,164,PM2.5,Rubidoux,06-065-8001,AQS,3,119,83,164,17
7/6/2023,112,Ozone,Joshua Tree NP - Cottonwood Visitor Center,06-065-0010,AQS,5,112,96,69,20
7/7/2023,105,Ozone,Morongo Air Monitoring Station,06-065-1016,AQS,2,105,57,59,12
7/8/2023,119,Ozone,Morongo Air Monitoring Station,06-065-1016,AQS,2,119,60,62,12
7/9/2023,122,Ozone,Morongo Air Monitoring Station,06-065-1016,AQS,2,122,49,61,15
7/10/2023,151,Ozone,Rubidoux,06-065-8001,AQS,5,151,53,63,24
7/11/2023,156,Ozone,Rubidoux,06-065-8001,AQS,5,156,57,60,32
7/12/2023,108,Ozone,Morongo Air Monitoring Station,06-065-1016,AQS,5,108,100,63,35
7/13/2023,133,Ozone,Rubidoux,06-065-8001,AQS,5,133,74,59,32
7/14/2023,207,Ozone,Morongo Air Monitoring Station,06-065-1016,AQS,7,207,61,107,42
7/15/2023,201,Ozone,Banning Airport,06-065-0012,AQS,9,201,65,160,38
7/16/2023,164,Ozone,Morongo Air Monitoring Station,06-065-1016,AQS,6,164,53,69,22
7/17/2023,136,Ozone,Morongo Air Monitoring Station,06-065-1016,AQS,5,136,56,64,26
7/18/2023,136,Ozone,Rubidoux,06-065-8001,AQS,5,136,69,66,25
7/19/2023,150,Ozone,Rubidoux,06-065-8001,AQS,5,150,51,60,23
7/20/2023,133,Ozone,Morongo Air Monitoring Station,06-065-1016,AQS,6,133,54,60,33
7/21/2023,166,Ozone,Banning Airport,06-065-0012,AQS,6,166,78,64,28
7/22/2023,185,Ozone,Morongo Air Monitoring Station,06-065-1016,AQS,5,185,60,69,24
7/23/2023,244,PM10,29 Palms,06-065-0500,AQS,5,129,244,123,18
7/24/2023,192,Ozone,Rubidoux,06-065-8001,AQS,5,192,56,69,20
7/25/2023,185,Ozone,Rubidoux,06-065-8001,AQS,6,185,55,68,31
7/26/2023,126,Ozone,Morongo Air Monitoring Station,06-065-1016,AQS,5,126,60,59,36
7/27/2023,151,Ozone,Morongo Air Monitoring Station,06-065-1016,AQS,5,151,57,60,27
7/28/2023,143,Ozone,Morongo Air Monitoring Station,06-065-1016,AQS,3,143,55,65,21
7/29/2023,177,Ozone,Rubidoux,06-065-8001,AQS,3,177,56,68,17
7/30/2023,115,Ozone,Rubidoux,06-065-8001,AQS,5,115,51,68,17
7/31/2023,517,PM10,29 Palms,06-065-0500,AQS,5,97,517,190,22
8/1/2023,126,Ozone,Morongo Air Monitoring Station,06-065-1016,AQS,2,126,91,74,14
8/2/2023,93,Ozone,Rubidoux,06-065-8001,AQS,3,93,65,57,22
8/3/2023,115,Ozone,Rubidoux,06-065-8001,AQS,5,115,65,57,26
8/4/2023,192,Ozone,Morongo Air Monitoring Station,06-065-1016,AQS,3,192,56,58,21
8/5/2023,169,Ozone,Rubidoux,06-065-8001,AQS,5,169,54,68,25
8/6/2023,147,Ozone,Rubidoux,06-065-8001,AQS,5,147,55,65,21
8/7/2023,97,Ozone,Rubidoux,06-065-8001,AQS,5,97,51,58,32
8/8/2023,86,PM10,29 Palms,06-065-0500,AQS,6,44,86,59,35
8/9/2023,74,PM10,29 Palms,06-065-0500,AQS,2,44,74,62,18
8/10/2023,60,PM10,29 Palms,06-065-0500,AQS,2,45,60,56,11
8/11/2023,58,Ozone,Morongo Air Monitoring Station,06-065-1016,AQS,2,58,57,55,8
8/12/2023,84,Ozone,Morongo Air Monitoring Station,06-065-1016,AQS,3,84,35,52,17
8/13/2023,97,Ozone,Banning Airport,06-065-0012,AQS,3,97,39,59,10
8/14/2023,140,Ozone,Rubidoux,06-065-8001,AQS,3,140,50,59,19
8/15/2023,156,Ozone,Rubidoux,06-065-8001,AQS,5,156,49,59,33
8/16/2023,174,Ozone,Rubidoux,06-065-8001,AQS,3,174,51,55,23
8/17/2023,150,Ozone,Rubidoux,06-065-8001,AQS,3,150,48,60,24
8/18/2023,101,Ozone,Rubidoux,06-065-8001,AQS,5,101,73,53,25
8/19/2023,55,PM2.5,Banning Airport,06-065-0012,AQS,3,51,49,55,18
8/20/2023,37,PM2.5,Rubidoux,06-065-8001,AQS,3,31,25,37,17
8/21/2023,48,PM2.5,Temecula,06-065-0016,AQS,1,40,25,48,11
8/22/2023,93,Ozone,Rubidoux,06-065-8001,AQS,3,93,24,54,19
8/23/2023,143,Ozone,Rubidoux,06-065-8001,AQS,5,143,30,59,25
8/24/2023,150,Ozone,Morongo Air Monitoring Station,06-065-1016,AQS,3,150,77,63,23
8/25/2023,140,Ozone,Rubidoux,06-065-8001,AQS,3,140,85,64,25
8/26/2023,150,Ozone,Rubidoux,06-065-8001,AQS,3,150,50,53,26
8/27/2023,179,Ozone,Rubidoux,06-065-8001,AQS,6,179,55,56,32
8/28/2023,169,Ozone,Banning Airport,06-065-0012,AQS,7,169,55,63,41
8/29/2023,201,Ozone,Rubidoux,06-065-8001,AQS,8,201,62,66,44
8/30/2023,147,Ozone,Rubidoux,06-065-8001,AQS,8,147,58,66,50
8/31/2023,122,Ozone,Rubidoux,06-065-8001,AQS,7,122,53,70,34
9/1/2023,98,PM10,Mecca (Saul Martinez),06-065-2005,AQS,3,41,98,63,19
9/2/2023,52,PM2.5,29 Palms,06-065-0500,AQS,2,34,27,52,9
9/3/2023,228,PM10,29 Palms,06-065-0500,AQS,2,37,228,75,10
9/4/2023,85,PM10,Mecca (Saul Martinez),06-065-2005,AQS,2,49,85,61,9
9/5/2023,71,Ozone,Palm Springs,06-065-5001,AQS,3,71,62,62,16
9/6/2023,93,Ozone,Rubidoux,06-065-8001,AQS,2,93,65,63,29
9/7/2023,147,Ozone,Rubidoux,06-065-8001,AQS,5,147,51,63,35
9/8/2023,100,Ozone,Rubidoux,06-065-8001,AQS,7,100,50,58,38
9/9/2023,147,Ozone,Rubidoux,06-065-8001,AQS,6,147,61,60,35
9/10/2023,89,PM10,Mecca (Saul Martinez),06-065-2005,AQS,3,87,89,62,25
9/11/2023,55,PM2.5,Temecula,06-065-0016,AQS,7,46,49,55,35
9/12/2023,64,Ozone,Rubidoux,06-065-8001,AQS,5,64,62,55,24
9/13/2023,144,PM10,Mecca (Saul Martinez),06-065-2005,AQS,2,80,144,80,15
9/14/2023,108,Ozone,Morongo Air Monitoring Station,06-065-1016,AQS,3,108,95,76,19
9/15/2023,97,Ozone,Banning Airport,06-065-0012,AQS,3,97,70,70,21
9/16/2023,117,PM10,29 Palms,06-065-0500,AQS,3,84,117,88,21
9/17/2023,109,PM10,29 Palms,06-065-0500,AQS,3,67,109,78,7
9/18/2023,103,PM10,29 Palms,06-065-0500,AQS,3,64,103,72,13
9/19/2023,90,Ozone,Palm Springs,06-065-5001,AQS,6,90,63,59,20
9/20/2023,89,PM10,29 Palms,06-065-0500,AQS,2,51,89,61,9
9/21/2023,124,PM10,Mecca (Saul Martinez),06-065-2005,AQS,2,64,124,95,15
9/22/2023,80,PM10,Mecca (Saul Martinez),06-065-2005,AQS,5,58,80,73,22
9/23/2023,105,Ozone,Rubidoux,06-065-8001,AQS,6,105,53,80,18
9/24/2023,87,Ozone,Rubidoux,06-065-8001,AQS,6,87,48,81,13
9/25/2023,97,Ozone,Mira Loma (Van Buren),06-065-8005,AQS,6,97,54,80,31
9/26/2023,129,Ozone,Banning Airport,06-065-0012,AQS,7,129,57,69,33
9/27/2023,154,Ozone,Rubidoux,06-065-8001,AQS,8,154,56,66,40
9/28/2023,119,Ozone,Rubidoux,06-065-8001,AQS,5,119,44,68,37
9/29/2023,84,PM10,29 Palms,06-065-0500,AQS,3,84,84,68,21
9/30/2023,171,PM10,Mecca (Saul Martinez),06-065-2005,AQS,2,41,171,55,6
10/1/2023,39,Ozone,Palm Springs,06-065-5001,AQS,2,39,24,33,8
10/2/2023,52,PM2.5,Banning Airport,06-065-0012,AQS,5,44,32,52,19
10/3/2023,58,Ozone,Rubidoux,06-065-8001,AQS,7,58,44,57,28
10/4/2023,60,PM10,Mira Loma (Van Buren),06-065-8005,AQS,7,58,60,42,36
10/5/2023,55,PM10,Mira Loma (Van Buren),06-065-8005,AQS,6,47,55,44,42
10/6/2023,71,Ozone,Lake Elsinore,06-065-9001,AQS,8,71,60,58,40
10/7/2023,129,Ozone,Mira Loma (Van Buren),06-065-8005,AQS,9,129,55,64,41
10/8/2023,164,Ozone,Rubidoux,06-065-8001,AQS,8,164,55,70,37
10/9/2023,93,Ozone,Rubidoux,06-065-8001,AQS,9,93,56,66,32
10/10/2023,97,PM10,29 Palms,06-065-0500,AQS,5,54,97,63,23
10/11/2023,139,PM10,29 Palms,06-065-0500,AQS,2,49,139,71,14
10/12/2023,58,PM10,Mira Loma (Van Buren),06-065-8005,AQS,6,58,58,55,25
10/13/2023,64,PM2.5,Mira Loma (Van Buren),06-065-8005,AQS,8,47,53,64,31
10/14/2023,108,Ozone,Lake Elsinore,06-065-9001,AQS,7,108,52,62,32
10/15/2023,147,Ozone,Rubidoux,06-065-8001,AQS,9,147,51,64,37
10/16/2023,147,Ozone,Rubidoux,06-065-8001,AQS,10,147,66,69,43
10/17/2023,159,Ozone,Rubidoux,06-065-8001,AQS,8,159,62,69,46
10/18/2023,122,Ozone,Rubidoux,06-065-8001,AQS,9,122,66,75,42
10/19/2023,133,Ozone,Rubidoux,06-065-8001,AQS,9,133,56,71,41
10/20/2023,159,Ozone,Pechanga,06-065-0009,AQS,10,159,56,62,49
10/21/2023,74,Ozone,Rubidoux,06-065-8001,AQS,10,74,47,58,36
10/22/2023,75,PM10,29 Palms,06-065-0500,AQS,5,45,75,55,15
10/23/2023,41,PM10,29 Palms,06-065-0500,AQS,2,39,41,36,12
10/24/2023,48,PM2.5,Banning Airport,06-065-0012,AQS,6,44,31,48,21
10/25/2023,53,PM2.5,Banning Airport,06-065-0012,AQS,2,49,32,53,10
10/26/2023,55,PM2.5,Banning Airport,06-065-0012,AQS,3,47,41,55,21
10/27/2023,64,Ozone,29 Palms,06-065-0500,AQS,6,64,40,56,25
10/28/2023,64,Ozone,29 Palms,06-065-0500,AQS,6,64,58,62,20
10/29/2023,170,PM10,Mira Loma (Van Buren),06-065-8005,AQS,5,49,170,65,24
10/30/2023,44,PM2.5,Temecula,06-065-0016,AQS,3,44,34,44,33
10/31/2023,47,Ozone,Pechanga,06-065-0009,AQS,6,47,43,33,36
11/1/2023,54,PM10,Mira Loma (Van Buren),06-065-8005,AQS,6,49,54,42,43
11/2/2023,71,Ozone,Temecula,06-065-0016,AQS,9,71,69,66,51
11/3/2023,100,Ozone,Pechanga,06-065-0009,AQS,11,100,78,77,50
11/4/2023,143,Ozone,Lake Elsinore,06-065-9001,AQS,11,143,74,96,51
11/5/2023,136,Ozone,Rubidoux,06-065-8001,AQS,14,136,64,94,46
11/6/2023,74,PM2.5,Mira Loma (Van Buren),06-065-8005,AQS,10,67,59,74,42
11/7/2023,66,PM10,Mecca (Saul Martinez),06-065-2005,AQS,5,44,66,55,28
11/8/2023,70,PM10,Mira Loma (Van Buren),06-065-8005,AQS,5,40,70,38,27
11/9/2023,56,PM10,Mira Loma (Van Buren),06-065-8005,AQS,5,43,56,30,45
11/10/2023,61,PM10,Mira Loma (Van Buren),06-065-8005,AQS,9,44,61,58,39
11/11/2023,67,PM2.5,Mira Loma (Van Buren),06-065-8005,AQS,11,47,62,67,35
11/12/2023,67,PM2.5,Mira Loma (Van Buren),06-065-8005,AQS,10,46,55,67,38
11/13/2023,61,PM2.5,Mira Loma (Van Buren),06-065-8005,AQS,9,48,61,61,42
11/14/2023,69,PM10,Mira Loma (Van Buren),06-065-8005,AQS,9,50,69,63,43
11/15/2023,60,PM2.5,Mira Loma (Van Buren),06-065-8005,AQS,9,46,45,60,45
11/16/2023,60,PM2.5,Mira Loma (Van Buren),06-065-8005,AQS,6,34,17,60,25
11/17/2023,48,PM2.5,Mira Loma (Van Buren),06-065-8005,AQS,7,39,21,48,25
11/18/2023,53,PM2.5,Banning Airport,06-065-0012,AQS,3,37,16,53,15
11/19/2023,42,PM2.5,Banning Airport,06-065-0012,AQS,3,41,30,42,24
11/20/2023,80,PM10,Mira Loma (Van Buren),06-065-8005,AQS,3,44,80,52,18
11/21/2023,44,Ozone,Pechanga,06-065-0009,AQS,2,44,21,27,28
11/22/2023,42,Ozone,Pechanga,06-065-0009,AQS,9,42,33,38,33
11/23/2023,52,PM2.5,Mira Loma (Van Buren),06-065-8005,AQS,9,47,32,52,35
11/24/2023,54,PM2.5,Mira Loma (Van Buren),06-065-8005,AQS,3,39,26,54,19
11/25/2023,41,PM2.5,Banning Airport,06-065-0012,AQS,6,35,33,41,23
11/26/2023,32,Ozone,Pechanga,06-065-0009,AQS,3,32,13,30,14
11/27/2023,35,Ozone,Pechanga,06-065-0009,AQS,3,35,32,29,25
11/28/2023,52,PM2.5,Mira Loma (Van Buren),06-065-8005,AQS,8,43,51,52,39
11/29/2023,55,PM2.5,Mira Loma (Van Buren),06-065-8005,AQS,9,41,39,55,30
11/30/2023,46,PM2.5,Banning Airport,06-065-0012,AQS,5,37,21,46,20
12/1/2023,55,PM2.5,Banning Airport,06-065-0012,AQS,6,41,29,55,33
12/2/2023,65,PM2.5,Mira Loma (Van Buren),06-065-8005,AQS,8,44,40,65,27
12/3/2023,79,PM2.5,Mira Loma (Van Buren),06-065-8005,AQS,10,45,54,79,37
12/4/2023,62,PM2.5,Mira Loma (Van Buren),06-065-8005,AQS,11,38,52,62,38
12/5/2023,41,PM10,Mira Loma (Van Buren),06-065-8005,AQS,5,37,41,32,33
12/6/2023,61,Ozone,Pechanga,06-065-0009,AQS,10,61,52,57,31
12/7/2023,79,PM2.5,Mira Loma (Van Buren),06-065-8005,AQS,7,46,43,79,27
12/8/2023,66,PM2.5,Mira Loma (Van Buren),06-065-8005,AQS,7,40,54,66,36
12/9/2023,49,PM2.5,Banning Airport,06-065-0012,AQS,5,47,48,49,16
12/10/2023,49,PM10,Mira Loma (Van Buren),06-065-8005,AQS,7,42,49,38,33
12/11/2023,73,PM10,Mira Loma (Van Buren),06-065-8005,AQS,11,39,73,71,42
12/12/2023,80,PM2.5,Mira Loma (Van Buren),06-065-8005,AQS,14,44,67,80,43
12/13/2023,59,PM10,Mira Loma (Van Buren),06-065-8005,AQS,11,37,59,56,32
12/14/2023,38,PM2.5,Rubidoux,06-065-8001,AQS,6,38,37,38,37
12/15/2023,49,PM10,Mira Loma (Van Buren),06-065-8005,AQS,7,41,49,39,42
12/16/2023,58,PM2.5,Mira Loma (Van Buren),06-065-8005,AQS,8,40,56,58,37
12/17/2023,51,PM2.5,Mira Loma (Van Buren),06-065-8005,AQS,9,41,48,51,34
12/18/2023,156,Ozone,Pechanga,06-065-0009,AQS,7,156,66,64,38
12/19/2023,105,Ozone,Pechanga,06-065-0009,AQS,6,105,31,66,29
12/20/2023,51,PM2.5,Mira Loma (Van Buren),06-065-8005,AQS,6,47,31,51,20
12/21/2023,46,Ozone,Pechanga,06-065-0009,AQS,3,46,30,44,25
12/22/2023,52,PM2.5,Banning Airport,06-065-0012,AQS,6,49,18,52,27
12/23/2023,61,PM2.5,Mira Loma (Van Buren),06-065-8005,AQS,7,51,25,61,19
12/24/2023,88,PM2.5,Mira Loma (Van Buren),06-065-8005,AQS,9,49,41,88,21
12/25/2023,105,PM2.5,Mira Loma (Van Buren),06-065-8005,AQS,14,58,47,105,22
12/26/2023,92,PM2.5,Mira Loma (Van Buren),06-065-8005,AQS,10,42,51,92,30
12/27/2023,99,PM2.5,Mira Loma (Van Buren),06-065-8005,AQS,13,50,53,99,31
12/28/2023,146,PM2.5,Mira Loma (Van Buren),06-065-8005,AQS,10,49,61,146,32
12/29/2023,105,PM2.5,Mira Loma (Van Buren),06-065-8005,AQS,13,71,56,105,31
12/30/2023,80,PM2.5,Mira Loma (Van Buren),06-065-8005,AQS,8,51,34,80,26
12/31/2023,64,PM2.5,Mira Loma (Van Buren),06-065-8005,AQS,7,46,23,64,23
1/1/2024,76,PM2.5,Mira Loma (Van Buren),06-065-8005,AQS,11,41,31,76,26
1/2/2024,71,Ozone,Pechanga,06-065-0009,AirNow,8,71,31,61,25
1/3/2024,64,Ozone,Pechanga,06-065-0009,AirNow,7,64,24,54,25
1/4/2024,53,PM2.5,Indio Amistad High School,06-065-2007,AQS,7,38,25,53,30
1/5/2024,61,PM2.5,Mira Loma (Van Buren),06-065-8005,AQS,8,38,36,61,33
1/6/2024,45,PM2.5,Rubidoux,06-065-8001,AQS,7,42,23,45,31
1/7/2024,72,PM10,Indio Amistad High School,06-065-2007,AQS,5,39,72,46,23
1/8/2024,42,PM2.5,Indio Amistad High School,06-065-2007,AQS,5,35,36,42,29
1/9/2024,56,PM2.5,Mira Loma (Van Buren),06-065-8005,AQS,8,35,31,56,35
1/10/2024,65,PM2.5,Mira Loma (Van Buren),06-065-8005,AQS,10,36,39,65,32
1/11/2024,110,PM10,Indio Amistad High School,06-065-2007,AQS,6,41,110,56,32
1/12/2024,60,PM2.5,Mira Loma (Van Buren),06-065-8005,AQS,9,41,41,60,32
1/13/2024,79,PM2.5,Mira Loma (Van Buren),06-065-8005,AQS,10,45,44,79,29
1/14/2024,97,PM2.5,Mira Loma (Van Buren),06-065-8005,AQS,11,46,50,97,33
1/15/2024,99,PM2.5,Mira Loma (Van Buren),06-065-8005,AQS,11,39,53,99,35
1/16/2024,97,PM2.5,Mira Loma (Van Buren),06-065-8005,AQS,10,47,55,97,34
1/17/2024,103,PM2.5,Rubidoux,06-065-8001,AQS,8,44,46,103,24
1/18/2024,80,PM2.5,Mira Loma (Van Buren),06-065-8005,AQS,7,43,45,80,35
1/19/2024,78,PM2.5,Mira Loma (Van Buren),06-065-8005,AQS,11,44,52,78,32
1/20/2024,80,PM2.5,Mira Loma (Van Buren),06-065-8005,AQS,8,39,35,80,29
1/21/2024,61,PM2.5,Indio Amistad High School,06-065-2007,AQS,7,35,29,61,21
1/22/2024,56,PM2.5,Indio Amistad High School,06-065-2007,AQS,5,33,19,56,25
1/23/2024,63,PM2.5,Mira Loma (Van Buren),06-065-8005,AQS,6,36,22,63,26
1/24/2024,57,PM2.5,Mira Loma (Van Buren),06-065-8005,AQS,5,33,28,57,22
1/25/2024,67,PM2.5,29 Palms,06-065-0500,AQS,3,36,26,67,18
1/26/2024,41,Ozone,Banning Airport,06-065-0012,AQS,6,41,21,34,25
1/27/2024,46,Ozone,Pechanga,06-065-0009,AirNow,3,46,22,17,29
1/28/2024,47,PM2.5,Indio Amistad High School,06-065-2007,AQS,6,40,21,47,31
1/29/2024,47,PM2.5,Mira Loma (Van Buren),06-065-8005,AQS,8,43,34,47,36
1/30/2024,54,PM2.5,Mira Loma (Van Buren),06-065-8005,AQS,8,44,39,54,40
1/31/2024,65,PM2.5,Mira Loma (Van Buren),06-065-8005,AQS,9,47,46,65,32
2/1/2024,58,PM2.5,Indio Amistad High School,06-065-2007,AQS,5,45,23,58,25
2/2/2024,44,PM2.5,Indio Amistad High School,06-065-2007,AQS,3,42,16,44,18
2/3/2024,44,PM2.5,Indio Amistad High School,06-065-2007,AQS,3,44,19,44,20
2/4/2024,57,PM2.5,Banning Airport,06-065-0012,AQS,3,42,27,57,16
2/5/2024,44,PM2.5,Banning Airport,06-065-0012,AQS,2,37,20,44,24
2/6/2024,42,PM2.5,Indio Amistad High School,06-065-2007,AQS,3,41,16,42,28
2/7/2024,50,PM2.5,Indio Amistad High School,06-065-2007,AQS,3,41,19,50,25
2/8/2024,42,Ozone,Joshua Tree NP - Cottonwood Visitor Center,06-065-0010,AQS,3,42,17,39,25
2/9/2024,48,PM2.5,Indio Amistad High School,06-065-2007,AQS,3,41,20,48,23
2/10/2024,70,PM10,Indio Amistad High School,06-065-2007,AQS,6,40,70,54,24
2/11/2024,46,PM2.5,Banning Airport,06-065-0012,AQS,5,41,17,46,25
2/12/2024,57,PM2.5,Mira Loma (Van Buren),06-065-8005,AQS,8,43,32,57,33
2/13/2024,54,PM2.5,Mira Loma (Van Buren),06-065-8005,AQS,8,46,31,54,36
2/14/2024,57,PM2.5,Rubidoux,06-065-8001,AQS,5,50,39,57,25
2/15/2024,73,PM2.5,Banning Airport,06-065-0012,AQS,7,48,41,73,35
2/16/2024,81,PM2.5,Mira Loma (Van Buren),06-065-8005,AQS,6,48,45,81,32
2/17/2024,94,PM2.5,Rubidoux,06-065-8001,AQS,7,48,43,94,26
2/18/2024,63,PM10,Indio Amistad High School,06-065-2007,AQS,3,44,63,57,16
2/19/2024,50,PM2.5,Indio Amistad High School,06-065-2007,AQS,5,39,25,50,18
2/20/2024,38,PM2.5,Indio Amistad High School,06-065-2007,AQS,3,35,20,38,25
2/21/2024,39,Ozone,Pechanga,06-065-0009,AirNow,3,39,19,37,25
2/22/2024,53,PM2.5,Mira Loma (Van Buren),06-065-8005,AQS,6,44,27,53,28
2/23/2024,43,Ozone,Pechanga,06-065-0009,AirNow,7,43,19,36,30
2/24/2024,49,PM2.5,Mira Loma (Van Buren),06-065-8005,AQS,6,42,28,49,29
2/25/2024,69,PM2.5,Mira Loma (Van Buren),06-065-8005,AQS,9,46,35,69,26
2/26/2024,71,PM2.5,Mira Loma (Van Buren),06-065-8005,AQS,6,42,33,71,27
2/27/2024,55,PM2.5,Mira Loma (Van Buren),06-065-8005,AQS,3,40,42,55,23
2/28/2024,59,PM2.5,Rubidoux,06-065-8001,AQS,7,44,31,59,25
2/29/2024,57,PM2.5,Banning Airport,06-065-0012,AQS,5,47,52,57,23
3/1/2024,43,Ozone,Joshua Tree NP - Cottonwood Visitor Center,06-065-0010,AQS,3,43,33,37,23
3/2/2024,97,PM10,Mecca (Saul Martinez),06-065-2005,AQS,2,37,97,29,16
3/3/2024,71,PM10,Palm Springs,06-065-5001,AQS,2,41,71,32,12
3/4/2024,42,Ozone,Joshua Tree NP - Cottonwood Visitor Center,06-065-0010,AQS,3,42,37,39,25
3/5/2024,45,Ozone,Joshua Tree NP - Cottonwood Visitor Center,06-065-0010,AQS,6,45,25,42,21
3/6/2024,42,Ozone,Joshua Tree NP - Cottonwood Visitor Center,06-065-0010,AQS,3,42,30,40,16
3/7/2024,38,Ozone,Joshua Tree NP - Cottonwood Visitor Center,06-065-0010,AQS,3,38,20,31,25
3/8/2024,41,PM2.5,Mira Loma (Van Buren),06-065-8005,AQS,6,39,21,41,25
3/9/2024,58,PM2.5,Mira Loma (Van Buren),06-065-8005,AQS,7,48,31,58,26
3/10/2024,58,PM2.5,Mira Loma (Van Buren),06-065-8005,AQS,8,49,26,58,25
3/11/2024,48,Ozone,Joshua Tree NP - Cottonwood Visitor Center,06-065-0010,AQS,5,48,44,39,24
3/12/2024,93,PM10,Indio Amistad High School,06-065-2007,AQS,3,44,93,57,18
3/13/2024,50,PM2.5,Morongo Air Monitoring Station,06-065-1016,AQS,3,44,40,50,25
3/14/2024,76,PM10,Palm Springs,06-065-5001,AQS,3,44,76,37,17
3/15/2024,43,Ozone,Pechanga,06-065-0009,AirNow,2,43,17,27,23
3/16/2024,49,PM2.5,Mira Loma (Van Buren),06-065-8005,AQS,5,43,19,49,20
3/17/2024,55,PM2.5,Mira Loma (Van Buren),06-065-8005,AQS,7,44,23,55,19
3/18/2024,48,PM2.5,Mira Loma (Van Buren),06-065-8005,AQS,7,44,24,48,26
3/19/2024,52,PM2.5,Mira Loma (Van Buren),06-065-8005,AQS,6,51,26,52,36
3/20/2024,67,Ozone,Banning Airport,06-065-0012,AQS,7,67,31,57,37
3/21/2024,80,Ozone,Indio Amistad High School,06-065-2007,AQS,5,80,31,71,23
3/22/2024,77,Ozone,Indio Amistad High School,06-065-2007,AQS,6,77,37,59,25
3/23/2024,56,PM10,Mecca (Saul Martinez),06-065-2005,AQS,2,44,56,41,12
3/24/2024,64,PM10,Indio Amistad High School,06-065-2007,AQS,5,44,64,38,21
3/25/2024,60,PM10,Indio Amistad High School,06-065-2007,AQS,7,44,60,37,22
3/26/2024,52,PM2.5,Banning Airport,06-065-0012,AQS,3,47,33,52,18
3/27/2024,61,Ozone,Palm Springs,06-065-5001,AQS,5,61,27,54,24
3/28/2024,61,Ozone,Indio Amistad High School,06-065-2007,AQS,6,61,51,53,25
3/29/2024,49,Ozone,Joshua Tree NP - Cottonwood Visitor Center,06-065-0010,AQS,2,49,25,43,13
3/30/2024,44,Ozone,Pechanga,06-065-0009,AirNow,2,44,31,33,14
3/31/2024,42,Ozone,Joshua Tree NP - Cottonwood Visitor Center,06-065-0010,AQS,5,42,10,29,22
4/1/2024,44,Ozone,Joshua Tree NP - Cottonwood Visitor Center,06-065-0010,AQS,7,44,19,36,25
4/2/2024,52,PM2.5,Mira Loma (Van Buren),06-065-8005,AQS,6,50,25,52,24
4/3/2024,74,Ozone,Palm Springs,06-065-5001,AQS,7,74,26,52,29
4/4/2024,57,PM10,Indio Amistad High School,06-065-2007,AQS,3,50,57,41,19
4/5/2024,51,PM10,Indio Amistad High School,06-065-2007,AQS,2,45,51,35,14
4/6/2024,47,Ozone,Rubidoux,06-065-8001,AQS,3,47,16,38,21
4/7/2024,58,Ozone,Palm Springs,06-065-5001,AQS,6,58,19,53,21
4/8/2024,55,PM10,Indio Amistad High School,06-065-2007,AQS,3,49,55,47,25
4/9/2024,71,Ozone,Pechanga,06-065-0009,AirNow,5,71,29,33,38
4/10/2024,101,Ozone,Rubidoux,06-065-8001,AQS,6,101,37,54,36
4/11/2024,112,Ozone,Rubidoux,06-065-8001,AQS,8,112,44,62,33
4/12/2024,75,PM2.5,Rubidoux,06-065-8001,AQS,5,74,53,75,20
4/13/2024,61,Ozone,Indio Amistad High School,06-065-2007,AQS,2,61,34,48,11
4/14/2024,58,Ozone,Joshua Tree NP - Cottonwood Visitor Center,06-065-0010,AQS,2,58,25,31,16
4/15/2024,74,Ozone,Rubidoux,06-065-8001,AQS,3,74,20,44,27
4/16/2024,100,Ozone,Lake Elsinore,06-065-9001,AQS,6,100,29,51,31
4/17/2024,115,Ozone,Indio Amistad High School,06-065-2007,AQS,6,115,29,45,27
4/18/2024,112,Ozone,Indio Amistad High School,06-065-2007,AQS,5,112,39,56,30
4/19/2024,80,Ozone,Indio Amistad High School,06-065-2007,AQS,2,80,56,63,11
4/20/2024,100,Ozone,Morongo Air Monitoring Station,06-065-1016,AQS,3,100,48,72,9
4/21/2024,143,Ozone,Rubidoux,06-065-8001,AirNow,5,143,37,77,18
4/22/2024,93,Ozone,Morongo Air Monitoring Station,06-065-1016,AQS,3,93,43,80,18
4/23/2024,89,PM10,Indio Amistad High School,06-065-2007,AQS,2,50,89,67,8
4/24/2024,193,PM10,Indio Amistad High School,06-065-2007,AQS,2,58,193,81,9
4/25/2024,162,PM10,Indio Amistad High School,06-065-2007,AQS,2,48,162,68,11
4/26/2024,115,PM10,Indio Amistad High School,06-065-2007,AQS,2,47,115,65,16
4/27/2024,49,PM2.5,Mira Loma (Van Buren),06-065-8005,AQS,3,49,25,49,17
4/28/2024,67,Ozone,Rubidoux,06-065-8001,AQS,6,67,30,55,20
4/29/2024,93,Ozone,Palm Springs,06-065-5001,AQS,6,93,37,56,26
4/30/2024,97,Ozone,Palm Springs,06-065-5001,AQS,5,97,46,57,24
5/1/2024,115,Ozone,Morongo Air Monitoring Station,06-065-1016,AQS,2,115,48,60,10
5/2/2024,105,Ozone,Banning Airport,06-065-0012,AQS,3,105,46,67,24
5/3/2024,97,Ozone,Indio Amistad High School,06-065-2007,AQS,13,97,43,63,8
5/4/2024,71,Ozone,Indio Amistad High School,06-065-2007,AQS,2,71,68,59,11
5/5/2024,61,Ozone,Joshua Tree NP - Cottonwood Visitor Center,06-065-0010,AQS,2,61,50,38,11
5/6/2024,55,PM2.5,Indio Amistad High School,06-065-2007,AQS,3,54,27,55,24
5/7/2024,101,Ozone,Indio Amistad High School,06-065-2007,AQS,6,101,52,53,28
5/8/2024,87,Ozone,Morongo Air Monitoring Station,06-065-1016,AQS,3,87,59,56,25
5/9/2024,71,Ozone,Rubidoux,06-065-8001,AQS,2,71,39,59,18
5/10/2024,90,Ozone,Rubidoux,06-065-8001,AQS,3,90,44,66,29
5/11/2024,90,Ozone,Rubidoux,06-065-8001,AQS,3,90,36,63,17
5/12/2024,105,Ozone,Morongo Air Monitoring Station,06-065-1016,AQS,3,105,32,64,10
5/13/2024,97,Ozone,Morongo Air Monitoring Station,06-065-1016,AQS,3,97,49,64,19
5/14/2024,90,Ozone,Morongo Air Monitoring Station,06-065-1016,AQS,2,90,48,58,9
5/15/2024,77,Ozone,Joshua Tree NP - Cottonwood Visitor Center,06-065-0010,AQS,2,77,75,73,8
5/16/2024,112,Ozone,Indio Amistad High School,06-065-2007,AQS,2,112,83,75,11
5/17/2024,93,Ozone,Indio Amistad High School,06-065-2007,AQS,2,93,63,84,13
5/18/2024,96,PM2.5,Indio Amistad High School,06-065-2007,AQS,3,93,84,96,14
5/19/2024,100,Ozone,Joshua Tree NP - Cottonwood Visitor Center,06-065-0010,AQS,2,100,70,76,11
5/20/2024,71,Ozone,Joshua Tree NP - Cottonwood Visitor Center,06-065-0010,AQS,2,71,69,61,7
5/21/2024,84,Ozone,Indio Amistad High School,06-065-2007,AQS,2,84,42,57,9
5/22/2024,105,Ozone,Morongo Air Monitoring Station,06-065-1016,AQS,2,105,57,64,27
5/23/2024,84,Ozone,Joshua Tree NP - Cottonwood Visitor Center,06-065-0010,AQS,2,84,68,56,7
5/24/2024,101,PM10,Indio Amistad High School,06-065-2007,AQS,2,54,101,66,8
5/25/2024,87,PM10,Indio Amistad High School,06-065-2007,AQS,2,45,87,55,10
5/26/2024,58,Ozone,Indio Amistad High School,06-065-2007,AQS,2,58,37,48,8
5/27/2024,77,Ozone,Morongo Air Monitoring Station,06-065-1016,AQS,3,77,33,55,12
5/28/2024,97,Ozone,Morongo Air Monitoring Station,06-065-1016,AQS,3,97,42,64,28
5/29/2024,100,Ozone,Indio Amistad High School,06-065-2007,AQS,2,100,40,63,12
5/30/2024,136,Ozone,Morongo Air Monitoring Station,06-065-1016,AQS,3,136,44,61,26
5/31/2024,140,Ozone,Morongo Air Monitoring Station,06-065-1016,AQS,3,140,48,67,23
6/1/2024,133,Ozone,Indio Amistad High School,06-065-2007,AQS,2,133,64,64,13
6/2/2024,59,PM10,Mecca (Saul Martinez),06-065-2005,AQS,2,58,59,58,9
6/3/2024,101,Ozone,Morongo Air Monitoring Station,06-065-1016,AQS,3,101,44,64,17
6/4/2024,154,Ozone,Morongo Air Monitoring Station,06-065-1016,AQS,3,154,46,64,26
6/5/2024,190,Ozone,Morongo Air Monitoring Station,06-065-1016,AQS,3,190,52,63,42
6/6/2024,185,Ozone,Morongo Air Monitoring Station,06-065-1016,AQS,3,185,45,62,15
6/7/2024,126,Ozone,Indio Amistad High School,06-065-2007,AQS,3,126,59,57,13
6/8/2024,80,Ozone,Indio Amistad High School,06-065-2007,AQS,2,80,72,57,21
6/9/2024,67,Ozone,Indio Amistad High School,06-065-2007,AQS,2,67,44,44,9
6/10/2024,147,Ozone,Morongo Air Monitoring Station,06-065-1016,AQS,2,147,32,57,17
6/11/2024,159,Ozone,Morongo Air Monitoring Station,06-065-1016,AQS,3,159,37,64,24
6/12/2024,112,Ozone,Indio Amistad High School,06-065-2007,AQS,3,112,39,59,17
6/13/2024,101,Ozone,Morongo Air Monitoring Station,06-065-1016,AQS,5,101,81,61,21
6/14/2024,192,Ozone,Morongo Air Monitoring Station,06-065-1016,AQS,3,192,54,59,21
6/15/2024,174,Ozone,Rubidoux,06-065-8001,AQS,5,174,51,65,35
6/16/2024,133,Ozone,Indio Amistad High School,06-065-2007,AQS,3,133,66,66,17
6/17/2024,112,PM10,Mecca (Saul Martinez),06-065-2005,AQS,2,97,112,78,13
6/18/2024,119,Ozone,Morongo Air Monitoring Station,06-065-1016,AQS,2,119,68,66,9
6/19/2024,122,Ozone,Morongo Air Monitoring Station,06-065-1016,AQS,2,122,61,74,16
6/20/2024,147,Ozone,Morongo Air Monitoring Station,06-065-1016,AQS,2,147,47,64,23
6/21/2024,182,Ozone,Morongo Air Monitoring Station,06-065-1016,AQS,5,182,54,67,21
6/22/2024,172,Ozone,Rubidoux,06-065-8001,AQS,6,172,59,67,27
6/23/2024,129,Ozone,Rubidoux,06-065-8001,AQS,7,129,45,60,23
6/24/2024,154,Ozone,Morongo Air Monitoring Station,06-065-1016,AQS,3,154,44,53,20
6/25/2024,115,Ozone,Morongo Air Monitoring Station,06-065-1016,AQS,2,115,54,55,16
6/26/2024,156,Ozone,Morongo Air Monitoring Station,06-065-1016,AQS,2,156,47,58,16
6/27/2024,122,Ozone,Morongo Air Monitoring Station,06-065-1016,AQS,2,122,63,60,10
6/28/2024,90,Ozone,Rubidoux,06-065-8001,AQS,2,90,51,60,22
6/29/2024,147,Ozone,Morongo Air Monitoring Station,06-065-1016,AQS,3,147,46,63,17
6/30/2024,150,Ozone,Rubidoux,06-065-8001,AQS,5,150,41,62,19
7/1/2024,126,Ozone,Rubidoux,06-065-8001,AQS,5,126,42,57,24
7/2/2024,150,Ozone,Rubidoux,06-065-8001,AQS,3,150,42,62,20
7/3/2024,204,Ozone,Rubidoux,06-065-8001,AQS,5,204,51,67,25
7/4/2024,203,Ozone,Morongo Air Monitoring Station,06-065-1016,AQS,3,203,44,76,14
7/5/2024,206,Ozone,Rubidoux,06-065-8001,AQS,5,206,74,154,20
7/6/2024,159,Ozone,Banning Airport,06-065-0012,AQS,5,159,46,68,24
7/7/2024,115,Ozone,Indio Amistad High School,06-065-2007,AQS,3,115,49,63,28
7/8/2024,208,Ozone,Morongo Air Monitoring Station,06-065-1016,AQS,3,208,73,102,19
7/9/2024,213,Ozone,Morongo Air Monitoring Station,06-065-1016,AQS,3,213,54,78,23
7/10/2024,206,Ozone,Rubidoux,06-065-8001,AQS,6,206,52,74,28
7/11/2024,192,Ozone,Rubidoux,06-065-8001,AQS,5,192,51,68,26
7/12/2024,192,Ozone,Morongo Air Monitoring Station,06-065-1016,AQS,3,192,78,69,20
7/13/2024,122,Ozone,Rubidoux,06-065-8001,AQS,3,122,48,63,28
7/14/2024,108,Ozone,Rubidoux,06-065-8001,AQS,3,108,40,61,13
7/15/2024,150,Ozone,Morongo Air Monitoring Station,06-065-1016,AQS,3,150,44,60,12
7/16/2024,136,Ozone,Morongo Air Monitoring Station,06-065-1016,AQS,2,136,47,58,21
7/17/2024,185,Ozone,Morongo Air Monitoring Station,06-065-1016,AQS,2,185,46,58,25
7/18/2024,159,Ozone,Rubidoux,06-065-8001,AQS,2,159,55,59,13
7/19/2024,179,Ozone,Rubidoux,06-065-8001,AQS,3,179,47,62,19
7/20/2024,172,Ozone,Rubidoux,06-065-8001,AQS,6,172,52,62,28
7/21/2024,143,Ozone,Morongo Air Monitoring Station,06-065-1016,AQS,3,143,43,61,22
7/22/2024,187,Ozone,Morongo Air Monitoring Station,06-065-1016,AQS,5,187,49,62,23
7/23/2024,185,Ozone,Rubidoux,06-065-8001,AQS,2,185,48,59,15
7/24/2024,202,Ozone,Morongo Air Monitoring Station,06-065-1016,AQS,3,202,52,61,25
7/25/2024,187,Ozone,Rubidoux,06-065-8001,AQS,3,187,57,65,21
7/26/2024,80,Ozone,Indio Amistad High School,06-065-2007,AQS,5,80,53,56,24
7/27/2024,67,Ozone,Morongo Air Monitoring Station,06-065-1016,AQS,3,67,60,59,18
7/28/2024,64,Ozone,Rubidoux,06-065-8001,AQS,3,64,45,60,16
7/29/2024,108,Ozone,Rubidoux,06-065-8001,AQS,5,108,63,57,23
7/30/2024,126,Ozone,Palm Springs,06-065-5001,AQS,5,126,49,58,25
7/31/2024,185,Ozone,Morongo Air Monitoring Station,06-065-1016,AQS,6,185,55,60,28
8/1/2024,126,Ozone,Rubidoux,06-065-8001,AQS,6,126,57,63,31
8/2/2024,172,Ozone,Rubidoux,06-065-8001,AQS,7,172,56,63,34
8/3/2024,179,Ozone,Rubidoux,06-065-8001,AQS,6,179,52,62,25
8/4/2024,151,Ozone,Rubidoux,06-065-8001,AQS,6,151,48,61,22
8/5/2024,179,Ozone,Rubidoux,06-065-8001,AQS,5,179,53,60,27
8/6/2024,151,Ozone,Morongo Air Monitoring Station,06-065-1016,AQS,5,151,64,61,27
8/7/2024,100,Ozone,Rubidoux,06-065-8001,AQS,3,100,58,61,25
8/8/2024,105,Ozone,Palm Springs,06-065-5001,AQS,3,105,51,62,19
8/9/2024,172,Ozone,Morongo Air Monitoring Station,06-065-1016,AQS,3,172,47,64,21
8/10/2024,166,Ozone,Rubidoux,06-065-8001,AQS,3,166,60,71,20
8/11/2024,112,Ozone,Rubidoux,06-065-8001,AQS,5,112,52,69,25
8/12/2024,58,PM2.5,Mira Loma (Van Buren),06-065-8005,AQS,3,54,53,58,17
8/13/2024,80,Ozone,Rubidoux,06-065-8001,AQS,3,80,45,57,17
8/14/2024,100,Ozone,Morongo Air Monitoring Station,06-065-1016,AQS,5,100,49,59,27
8/15/2024,122,Ozone,Morongo Air Monitoring Station,06-065-1016,AQS,5,122,52,64,22
8/16/2024,143,Ozone,Rubidoux,06-065-8001,AQS,6,143,53,62,42
8/17/2024,74,Ozone,Rubidoux,06-065-8001,AQS,2,74,47,69,21
8/18/2024,100,Ozone,Rubidoux,06-065-8001,AQS,2,100,47,61,17
8/19/2024,172,Ozone,Rubidoux,06-065-8001,AQS,6,172,51,60,31
8/20/2024,115,Ozone,Rubidoux,06-065-8001,AQS,7,115,49,55,42
8/21/2024,129,Ozone,Rubidoux,06-065-8001,AQS,8,129,53,57,46
8/22/2024,77,Ozone,Rubidoux,06-065-8001,AQS,3,77,49,58,16
8/23/2024,84,Ozone,Joshua Tree NP - Cottonwood Visitor Center,06-065-0010,AQS,2,84,52,53,16
8/24/2024,61,Ozone,Joshua Tree NP - Cottonwood Visitor Center,06-065-0010,AQS,2,61,38,52,12
8/25/2024,74,Ozone,Rubidoux,06-065-8001,AQS,3,74,34,57,18
8/26/2024,136,Ozone,Rubidoux,06-065-8001,AQS,6,136,53,60,26
8/27/2024,156,Ozone,Rubidoux,06-065-8001,AQS,5,156,51,62,26
8/28/2024,136,Ozone,Rubidoux,06-065-8001,AQS,3,136,57,63,21
8/29/2024,154,Ozone,Morongo Air Monitoring Station,06-065-1016,AQS,3,154,45,67,29
8/30/2024,177,Ozone,Banning Airport,06-065-0012,AQS,5,177,50,69,28
8/31/2024,182,Ozone,Rubidoux,06-065-8001,AQS,5,182,51,70,31
9/1/2024,156,Ozone,Rubidoux,06-065-8001,AQS,5,156,46,68,16
9/2/2024,151,Ozone,Rubidoux,06-065-8001,AQS,5,151,44,67,25
9/3/2024,164,Ozone,Rubidoux,06-065-8001,AQS,6,164,54,64,27
9/4/2024,143,Ozone,Banning Airport,06-065-0012,AQS,6,143,59,60,35
9/5/2024,185,Ozone,Rubidoux,06-065-8001,AQS,8,185,65,63,45
9/6/2024,177,Ozone,Rubidoux,06-065-8001,AQS,9,177,65,71,55
9/7/2024,174,Ozone,Rubidoux,06-065-8001,AQS,6,174,62,75,26
9/8/2024,129,PM2.5,Mira Loma (Van Buren),06-065-8005,AQS,14,105,105,129,39
9/9/2024,185,Ozone,Mira Loma (Van Buren),06-065-8005,AQS,16,185,88,155,60
9/10/2024,105,Ozone,Indio Amistad High School,06-065-2007,AQS,11,105,74,102,42
9/11/2024,93,PM10,Indio Amistad High School,06-065-2007,AQS,7,80,93,64,21
9/12/2024,101,Ozone,Indio Amistad High School,06-065-2007,AQS,2,101,67,72,20
9/13/2024,136,Ozone,Morongo Air Monitoring Station,06-065-1016,AQS,3,136,56,73,17
9/14/2024,105,Ozone,Morongo Air Monitoring Station,06-065-1016,AQS,3,105,47,65,20
9/15/2024,80,Ozone,Indio Amistad High School,06-065-2007,AQS,3,80,60,69,4
9/16/2024,68,PM10,Mecca (Saul Martinez),06-065-2005,AQS,2,48,68,42,7
9/17/2024,49,Ozone,Indio Amistad High School,06-065-2007,AQS,2,49,39,40,16
9/18/2024,74,Ozone,Palm Springs,06-065-5001,AQS,5,74,40,54,22
9/19/2024,74,Ozone,Morongo Air Monitoring Station,06-065-1016,AQS,2,74,37,44,10
9/20/2024,65,PM10,Mecca (Saul Martinez),06-065-2005,AQS,2,50,65,53,13
9/21/2024,101,Ozone,Indio Amistad High School,06-065-2007,AQS,3,101,35,60,14
9/22/2024,143,Ozone,Rubidoux,06-065-8001,AQS,5,143,39,68,29
9/23/2024,151,Ozone,Rubidoux,06-065-8001,AQS,6,151,50,70,27
9/24/2024,140,Ozone,Morongo Air Monitoring Station,06-065-1016,AQS,5,140,43,75,42
9/25/2024,174,Ozone,Morongo Air Monitoring Station,06-065-1016,AQS,5,174,42,74,48
9/26/2024,164,Ozone,Morongo Air Monitoring Station,06-065-1016,AQS,5,164,48,63,43
9/27/2024,177,Ozone,Morongo Air Monitoring Station,06-065-1016,AQS,7,177,51,69,25
9/28/2024,133,Ozone,Rubidoux,06-065-8001,AQS,6,133,47,65,22
9/29/2024,129,Ozone,Rubidoux,06-065-8001,AQS,7,129,47,71,40
9/30/2024,172,Ozone,Rubidoux,06-065-8001,AQS,10,172,62,82,46
10/1/2024,185,Ozone,Rubidoux,06-065-8001,AQS,8,185,71,77,43
10/2/2024,195,Ozone,Rubidoux,06-065-8001,AQS,9,195,63,72,48
10/3/2024,197,Ozone,Rubidoux,06-065-8001,AQS,9,197,57,74,34
10/4/2024,172,Ozone,Morongo Air Monitoring Station,06-065-1016,AQS,7,172,57,73,47
10/5/2024,200,Ozone,Rubidoux,06-065-8001,AQS,6,200,53,80,27
10/6/2024,185,Ozone,Rubidoux,06-065-8001,AQS,7,185,49,75,28
10/7/2024,161,Ozone,Rubidoux,06-065-8001,AQS,9,161,55,72,50
10/8/2024,122,Ozone,Rubidoux,06-065-8001,AQS,8,122,56,66,39
10/9/2024,119,Ozone,Rubidoux,06-065-8001,AQS,9,119,54,75,36
10/10/2024,101,Ozone,Mira Loma (Van Buren),06-065-8005,AQS,7,101,58,76,38
10/11/2024,90,Ozone,Rubidoux,06-065-8001,AQS,8,90,59,65,41
10/12/2024,68,PM2.5,Mira Loma (Van Buren),06-065-8005,AQS,10,67,53,68,37
10/13/2024,84,Ozone,Morongo Air Monitoring Station,06-065-1016,AQS,8,84,42,60,23
10/14/2024,77,Ozone,Indio Amistad High School,06-065-2007,AQS,3,77,46,61,19
10/15/2024,100,Ozone,Palm Springs,06-065-5001,AQS,3,100,55,75,18
10/16/2024,93,Ozone,Palm Springs,06-065-5001,AQS,3,93,51,91,25
10/17/2024,131,PM10,29 Palms,06-065-0500,AQS,2,51,131,69,16
10/18/2024,162,PM10,Mecca (Saul Martinez),06-065-2005,AQS,3,46,162,65,27
10/19/2024,59,PM10,Mira Loma (Van Buren),06-065-8005,AQS,6,47,59,53,31
10/20/2024,61,PM2.5,Mira Loma (Van Buren),06-065-8005,AQS,9,61,54,61,38
10/21/2024,74,Ozone,Rubidoux,06-065-8001,AQS,10,74,61,73,41
10/22/2024,87,Ozone,Pechanga,06-065-0009,AirNow,10,87,57,64,44
10/23/2024,119,Ozone,Mira Loma (Van Buren),06-065-8005,AQS,10,119,63,72,44
10/24/2024,119,Ozone,Morongo Air Monitoring Station,06-065-1016,AQS,10,119,62,69,48
10/25/2024,133,Ozone,Lake Elsinore,06-065-9001,AQS,10,133,63,72,44
10/26/2024,151,Ozone,Rubidoux,06-065-8001,AQS,13,151,68,99,46
10/27/2024,101,Ozone,Rubidoux,06-065-8001,AQS,13,101,54,77,41
10/28/2024,179,PM10,Mecca (Saul Martinez),06-065-2005,AQS,5,50,179,54,29
10/29/2024,47,PM2.5,Mira Loma (Van Buren),06-065-8005,AQS,3,44,31,47,23
10/30/2024,52,PM2.5,Mira Loma (Van Buren),06-065-8005,AQS,6,44,43,52,35
10/31/2024,59,PM2.5,Mira Loma (Van Buren),06-065-8005,AQS,9,51,49,59,35
11/1/2024,60,PM2.5,Mira Loma (Van Buren),06-065-8005,AQS,10,58,50,60,34
11/2/2024,58,PM2.5,Mira Loma (Van Buren),06-065-8005,AQS,7,48,57,58,27
11/3/2024,119,PM10,Mecca (Saul Martinez),06-065-2005,AQS,3,45,119,54,30
11/4/2024,84,PM10,Mira Loma (Van Buren),06-065-8005,AQS,3,41,84,51,34
11/5/2024,53,PM2.5,Mira Loma (Van Buren),06-065-8005,AQS,7,45,51,53,32
11/6/2024,170,PM10,Mira Loma (Van Buren),06-065-8005,AQS,7,41,170,68,31
11/7/2024,40,PM10,Mira Loma (Van Buren),06-065-8005,AQS,2,36,40,18,29
11/8/2024,58,PM10,Mira Loma (Van Buren),06-065-8005,AQS,7,41,58,56,38
11/9/2024,74,PM2.5,Mira Loma (Van Buren),06-065-8005,AQS,10,48,57,74,42
11/10/2024,90,PM2.5,Mira Loma (Van Buren),06-065-8005,AQS,13,67,60,90,42
11/11/2024,80,Ozone,Morongo Air Monitoring Station,06-065-1016,AQS,11,80,54,78,39
11/12/2024,56,PM2.5,Mira Loma (Van Buren),06-065-8005,AQS,7,44,44,56,37
11/13/2024,58,PM2.5,Mira Loma (Van Buren),06-065-8005,AQS,7,44,53,58,39
11/14/2024,61,PM2.5,Mira Loma (Van Buren),06-065-8005,AQS,10,54,51,61,38
11/15/2024,105,PM10,Mecca (Saul Martinez),06-065-2005,AQS,3,42,105,47,22
11/16/2024,58,PM2.5,Mira Loma (Van Buren),06-065-8005,AQS,6,39,26,58,26
11/17/2024,58,PM2.5,Mira Loma (Van Buren),06-065-8005,AQS,8,40,27,58,29
11/18/2024,61,PM2.5,Mira Loma (Van Buren),06-065-8005,AQS,9,43,35,61,29
11/19/2024,60,PM2.5,Mira Loma (Van Buren),06-065-8005,AQS,7,40,46,60,32
11/20/2024,56,PM2.5,Mira Loma (Van Buren),06-065-8005,AQS,9,44,52,56,42
11/21/2024,69,PM2.5,Mira Loma (Van Buren),06-065-8005,AQS,11,46,64,69,50
11/22/2024,86,PM2.5,Mira Loma (Van Buren),06-065-8005,AQS,15,50,66,86,48
11/23/2024,84,PM2.5,Rubidoux,06-065-8001,AQS,15,44,48,84,44
11/24/2024,41,Ozone,Palm Springs,06-065-5001,AQS,5,41,39,37,22
11/25/2024,67,PM2.5,Mira Loma (Van Buren),06-065-8005,AQS,9,42,39,67,36
11/26/2024,58,PM2.5,Mira Loma (Van Buren),06-065-8005,AQS,11,39,44,58,32
11/27/2024,65,PM2.5,Mira Loma (Van Buren),06-065-8005,AQS,6,37,33,65,25
11/28/2024,40,Ozone,Banning Airport,06-065-0012,AQS,6,40,20,32,20
11/29/2024,44,PM2.5,Mira Loma (Van Buren),06-065-8005,AQS,5,41,31,44,34
11/30/2024,59,PM2.5,Mira Loma (Van Buren),06-065-8005,AQS,9,43,49,59,36
12/1/2024,73,PM2.5,Mira Loma (Van Buren),06-065-8005,AQS,13,44,52,73,36
12/2/2024,91,PM2.5,Mira Loma (Van Buren),06-065-8005,AQS,11,47,67,91,46
12/3/2024,99,PM2.5,Mira Loma (Van Buren),06-065-8005,AQS,14,46,67,99,44
12/4/2024,125,PM2.5,Mira Loma (Van Buren),06-065-8005,AQS,14,46,68,125,50
12/5/2024,157,PM2.5,Rubidoux,06-065-8001,AQS,15,43,75,157,42
12/6/2024,72,PM2.5,Mira Loma (Van Buren),06-065-8005,AQS,13,41,50,72,41
12/7/2024,61,PM2.5,Mira Loma (Van Buren),06-065-8005,AQS,10,41,44,61,47
12/8/2024,79,PM2.5,Mira Loma (Van Buren),06-065-8005,AQS,15,47,55,79,35
12/9/2024,74,PM2.5,Mira Loma (Van Buren),06-065-8005,AQS,8,45,58,74,31
12/10/2024,64,PM10,Lake Elsinore,06-065-9001,AQS,3,45,64,62,41
12/11/2024,63,PM10,Mira Loma (Van Buren),06-065-8005,AQS,10,42,63,56,42
12/12/2024,64,PM2.5,Mira Loma (Van Buren),06-065-8005,AQS,10,42,51,64,42
12/13/2024,68,PM2.5,Mira Loma (Van Buren),06-065-8005,AQS,7,41,41,68,29
12/14/2024,75,PM2.5,Mira Loma (Van Buren),06-065-8005,AQS,10,44,49,75,30
12/15/2024,79,PM2.5,Mira Loma (Van Buren),06-065-8005,AQS,9,46,44,79,33
12/16/2024,70,PM2.5,Mira Loma (Van Buren),06-065-8005,AQS,10,47,58,70,43
12/17/2024,62,PM2.5,Mira Loma (Van Buren),06-065-8005,AQS,13,42,62,62,43
12/18/2024,43,Ozone,Banning Airport,06-065-0012,AQS,5,43,34,29,41
12/19/2024,65,PM10,Mira Loma (Van Buren),06-065-8005,AQS,11,43,65,60,47
12/20/2024,76,PM2.5,Mira Loma (Van Buren),06-065-8005,AQS,13,45,66,76,41
12/21/2024,128,PM2.5,Mira Loma (Van Buren),06-065-8005,AQS,14,49,70,128,42
12/22/2024,151,PM2.5,Mira Loma (Van Buren),06-065-8005,AQS,16,45,74,151,40
12/23/2024,110,PM2.5,Mira Loma (Van Buren),06-065-8005,AQS,15,41,66,110,42
12/24/2024,86,PM2.5,Mira Loma (Van Buren),06-065-8005,AQS,13,40,51,86,40
12/25/2024,85,PM2.5,Mira Loma (Van Buren),06-065-8005,AQS,8,42,41,85,27
12/26/2024,71,PM2.5,Mira Loma (Van Buren),06-065-8005,AQS,9,42,42,71,29
12/27/2024,79,PM2.5,Mira Loma (Van Buren),06-065-8005,AQS,10,38,51,79,32
12/28/2024,116,PM2.5,Mira Loma (Van Buren),06-065-8005,AQS,13,39,58,116,29
12/29/2024,146,PM2.5,Mira Loma (Van Buren),06-065-8005,AQS,15,44,57,146,32
12/30/2024,123,PM2.5,Mira Loma (Van Buren),06-065-8005,AQS,9,44,52,123,30
12/31/2024,131,PM2.5,Mira Loma (Van Buren),06-065-8005,AQS,13,44,60,131,35
1/1/2025,166,PM2.5,Mira Loma (Van Buren),06-065-8005,AQS,25,44,77,166,38
1/2/2025,96,PM2.5,Mira Loma (Van Buren),06-065-8005,AQS,15,44,67,96,40
1/3/2025,81,PM2.5,Mira Loma (Van Buren),06-065-8005,AQS,11,45,64,81,43
1/4/2025,131,PM2.5,Mira Loma (Van Buren),06-065-8005,AQS,8,44,58,131,37
1/5/2025,79,PM2.5,Mira Loma (Van Buren),06-065-8005,AQS,10,44,53,79,36
1/6/2025,63,PM2.5,Mira Loma (Van Buren),06-065-8005,AQS,11,44,57,63,36
1/7/2025,365,PM10,Mecca (Saul Martinez),06-065-2005,AQS,8,40,365,46,35
1/8/2025,119,PM10,Indio Amistad High School,06-065-2007,AQS,2,41,119,53,31
1/9/2025,55,PM10,Palm Springs,06-065-5001,AQS,3,44,55,32,40
1/10/2025,61,PM2.5,Mira Loma (Van Buren),06-065-8005,AQS,11,42,41,61,48
1/11/2025,63,PM2.5,Mira Loma (Van Buren),06-065-8005,AQS,16,44,52,63,42
1/12/2025,55,PM2.5,Rubidoux,06-065-8001,AQS,2,41,16,55,10
1/13/2025,39,Ozone,Pechanga,06-065-0009,AirNow,2,39,32,17,16
1/14/2025,42,Ozone,Pechanga,06-065-0009,AirNow,5,42,24,28,34
1/15/2025,44,Ozone,Morongo Air Monitoring Station,06-065-1016,AQS,7,44,25,28,37
1/16/2025,52,PM2.5,Mira Loma (Van Buren),06-065-8005,AQS,8,43,47,52,39
1/17/2025,60,PM2.5,Mira Loma (Van Buren),06-065-8005,AQS,8,46,54,60,36
1/18/2025,78,PM2.5,Rubidoux,06-065-8001,AQS,6,44,48,78,35
1/19/2025,99,PM2.5,Mira Loma (Van Buren),06-065-8005,AQS,11,46,51,99,27
1/20/2025,72,PM2.5,Banning Airport,06-065-0012,AQS,7,44,62,72,26
1/21/2025,45,PM2.5,Banning Airport,06-065-0012,AQS,5,44,36,45,40
1/22/2025,43,PM10,Mecca (Saul Martinez),06-065-2005,AQS,6,42,43,31,36
1/23/2025,52,PM2.5,Banning Airport,06-065-0012,AQS,3,45,44,52,41
1/24/2025,51,PM10,Mecca (Saul Martinez),06-065-2005,AQS,7,45,51,48,39
1/25/2025,63,PM2.5,Mira Loma (Van Buren),06-065-8005,AQS,11,51,53,63,38
1/26/2025,39,Ozone,Morongo Air Monitoring Station,06-065-1016,AQS,2,39,20,38,12
1/27/2025,40,Ozone,Morongo Air Monitoring Station,06-065-1016,AQS,3,40,15,39,25
1/28/2025,64,PM2.5,Mira Loma (Van Buren),06-065-8005,AQS,7,39,24,64,24
1/29/2025,66,PM2.5,Mira Loma (Van Buren),06-065-8005,AQS,5,40,26,66,24
1/30/2025,81,PM2.5,Rubidoux,06-065-8001,AQS,7,43,35,81,37
1/31/2025,94,PM2.5,Mira Loma (Van Buren),06-065-8005,AQS,9,46,46,94,40
2/1/2025,112,PM2.5,Mira Loma (Van Buren),06-065-8005,AQS,11,58,51,112,40
2/2/2025,109,PM2.5,Mira Loma (Van Buren),06-065-8005,AQS,13,64,50,109,40
2/3/2025,90,PM2.5,Mira Loma (Van Buren),06-065-8005,AQS,11,49,51,90,43
2/4/2025,64,PM2.5,Rubidoux,06-065-8001,AQS,7,44,37,64,30
2/5/2025,47,PM2.5,Mira Loma (Van Buren),06-065-8005,AQS,3,36,32,47,26
2/6/2025,42,PM2.5,Mira Loma (Van Buren),06-065-8005,AQS,3,40,22,42,16
2/7/2025,39,Ozone,Palm Springs,06-065-5001,AQS,2,39,31,23,19
2/8/2025,64,PM2.5,Mira Loma (Van Buren),06-065-8005,AQS,5,44,27,64,25
2/9/2025,71,PM2.5,Mira Loma (Van Buren),06-065-8005,AQS,8,46,28,71,25
2/10/2025,66,PM2.5,Mira Loma (Van Buren),06-065-8005,AQS,9,48,57,66,27
2/11/2025,164,PM10,Indio Amistad High School,06-065-2007,AQS,2,44,164,58,16
2/12/2025,44,PM2.5,Indio Amistad High School,06-065-2007,AQS,2,42,23,44,20
2/13/2025,40,Ozone,Banning Airport,06-065-0012,AQS,3,40,37,27,18
2/14/2025,45,Ozone,Palm Springs,06-065-5001,AQS,2,45,15,38,14
2/15/2025,53,PM2.5,Mira Loma (Van Buren),06-065-8005,AQS,6,44,20,53,28
2/16/2025,61,PM2.5,Mira Loma (Van Buren),06-065-8005,AQS,10,45,25,61,35
2/17/2025,64,PM2.5,Mira Loma (Van Buren),06-065-8005,AQS,9,49,29,64,32
2/18/2025,63,PM2.5,Mira Loma (Van Buren),06-065-8005,AQS,5,44,37,63,29
2/19/2025,66,PM2.5,Mira Loma (Van Buren),06-065-8005,AQS,8,49,39,66,39
2/20/2025,58,Ozone,Pechanga,06-065-0009,AirNow,8,58,35,57,37
2/21/2025,46,Ozone,Pechanga,06-065-0009,AirNow,3,46,19,25,30
2/22/2025,58,Ozone,Lake Elsinore,06-065-9001,AQS,6,58,24,46,34
2/23/2025,67,PM2.5,Mira Loma (Van Buren),06-065-8005,AQS,9,67,39,67,38
2/24/2025,93,Ozone,Banning Airport,06-065-0012,AQS,9,93,49,71,46
2/25/2025,90,Ozone,Pechanga,06-065-0009,AirNow,9,90,48,66,45
2/26/2025,80,Ozone,Pechanga,06-065-0009,AirNow,9,80,37,52,41
2/27/2025,50,Ozone,Lake Elsinore,06-065-9001,AQS,6,50,26,22,37
2/28/2025,51,PM10,Mecca (Saul Martinez),06-065-2005,AQS,5,47,51,44,38
3/1/2025,174,PM10,Indio Amistad High School,06-065-2007,AQS,3,48,174,81,8
3/2/2025,74,PM10,Mecca (Saul Martinez),06-065-2005,AQS,2,47,74,43,7
3/3/2025,41,Ozone,Joshua Tree NP - Cottonwood Visitor Center,06-065-0010,AQS,3,41,29,33,25
3/4/2025,49,PM2.5,Mira Loma (Van Buren),06-065-8005,AQS,5,44,28,49,26
3/5/2025,64,PM2.5,Mira Loma (Van Buren),06-065-8005,AQS,6,44,30,64,31
3/6/2025,142,PM10,Mecca (Saul Martinez),06-065-2005,AQS,3,45,142,28,14
3/7/2025,52,PM2.5,Mira Loma (Van Buren),06-065-8005,AQS,7,42,13,52,27
3/8/2025,58,PM2.5,Mira Loma (Van Buren),06-065-8005,AQS,9,45,22,58,28
3/9/2025,55,PM2.5,Mira Loma (Van Buren),06-065-8005,AQS,7,48,22,55,29
3/10/2025,61,Ozone,Palm Springs,06-065-5001,AQS,8,61,25,52,32
3/11/2025,45,Ozone,Morongo Air Monitoring Station,06-065-1016,AQS,3,45,23,30,28
3/12/2025,45,Ozone,Joshua Tree NP - Cottonwood Visitor Center,06-065-0010,AQS,6,45,11,23,26
3/13/2025,44,Ozone,Pechanga,06-065-0009,AirNow,2,44,25,21,8
3/14/2025,40,Ozone,Joshua Tree NP - Cottonwood Visitor Center,06-065-0010,AQS,5,40,10,29,24
3/15/2025,57,PM2.5,Mira Loma (Van Buren),06-065-8005,AQS,5,50,17,57,21
3/16/2025,64,Ozone,Palm Springs,06-065-5001,AQS,7,64,22,60,24
3/17/2025,64,PM10,Indio Amistad High School,06-065-2007,AQS,7,48,64,56,25
3/18/2025,54,PM10,Indio Amistad High School,06-065-2007,AQS,3,48,54,35,31
3/19/2025,51,Ozone,Morongo Air Monitoring Station,06-065-1016,AQS,5,51,21,30,30
3/20/2025,77,Ozone,Morongo Air Monitoring Station,06-065-1016,AQS,7,77,31,51,40
3/21/2025,84,Ozone,Morongo Air Monitoring Station,06-065-1016,AQS,8,84,37,58,38
3/22/2025,93,Ozone,Indio Amistad High School,06-065-2007,AQS,7,93,33,60,29
3/23/2025,80,Ozone,Rubidoux,06-065-8001,AQS,6,80,34,65,24
3/24/2025,80,Ozone,Rubidoux,06-065-8001,AQS,7,80,38,62,33
3/25/2025,71,Ozone,Rubidoux,06-065-8001,AQS,7,71,44,69,42
3/26/2025,120,PM10,Indio Amistad High School,06-065-2007,AQS,3,67,120,76,16
3/27/2025,127,PM10,Indio Amistad High School,06-065-2007,AQS,3,58,127,66,14
3/28/2025,79,PM10,Indio Amistad High School,06-065-2007,AQS,2,54,79,42,11
3/29/2025,57,PM2.5,Indio Amistad High School,06-065-2007,AQS,2,54,52,57,11
3/30/2025,114,PM10,Indio Amistad High School,06-065-2007,AQS,2,49,114,62,4
3/31/2025,63,PM10,Indio Amistad High School,06-065-2007,AQS,2,48,63,28,12
4/1/2025,66,PM10,Indio Amistad High School,06-065-2007,AQS,2,49,66,47,8
4/2/2025,46,Ozone,Indio Amistad High School,06-065-2007,AQS,2,46,31,32,13
4/3/2025,47,Ozone,Blythe-445 W Murphy Street,06-065-9003,AirNow,3,47,22,38,23
4/4/2025,47,Ozone,Pechanga,06-065-0009,AirNow,6,47,28,42,27
4/5/2025,54,Ozone,Pechanga,06-065-0009,AirNow,7,54,30,38,31
4/6/2025,67,Ozone,Rubidoux,06-065-8001,AQS,6,67,29,47,39
4/7/2025,87,Ozone,Palm Springs,06-065-5001,AQS,6,87,41,53,35
4/8/2025,97,Ozone,Palm Springs,06-065-5001,AQS,7,97,44,58,33
4/9/2025,100,Ozone,Indio Amistad High School,06-065-2007,AQS,8,100,41,57,35
4/10/2025,154,Ozone,Banning Airport,06-065-0012,AQS,8,154,49,65,36
4/11/2025,112,Ozone,Rubidoux,06-065-8001,AQS,9,112,50,60,42
4/12/2025,80,Ozone,Indio Amistad High School,06-065-2007,AQS,6,80,38,61,30
4/13/2025,67,Ozone,Indio Amistad High School,06-065-2007,AQS,3,67,29,64,21
4/14/2025,65,PM2.5,Mira Loma (Van Buren),06-065-8005,AQS,3,61,38,65,25
4/15/2025,66,PM2.5,Banning Airport,06-065-0012,AQS,3,51,46,66,16
4/16/2025,112,PM10,Indio Amistad High School,06-065-2007,AQS,3,50,112,57,12
4/17/2025,112,PM10,Indio Amistad High School,06-065-2007,AQS,2,45,112,43,11
4/18/2025,101,PM10,Mecca (Saul Martinez),06-065-2005,AirNow,2,44,101,37,10
4/19/2025,67,Ozone,Rubidoux,06-065-8001,AQS,5,67,29,54,25
4/20/2025,93,Ozone,Banning Airport,06-065-0012,AQS,6,93,34,55,30
4/21/2025,100,Ozone,Indio Amistad High School,06-065-2007,AQS,6,100,49,58,29
4/22/2025,101,Ozone,Palm Springs,06-065-5001,AQS,3,101,36,59,22
4/23/2025,84,Ozone,Joshua Tree NP - Cottonwood Visitor Center,06-065-0010,AirNow,2,84,58,54,8
4/24/2025,84,Ozone,Joshua Tree NP - Cottonwood Visitor Center,06-065-0010,AirNow,3,84,41,53,8
4/25/2025,69,PM10,Mecca (Saul Martinez),06-065-2005,AirNow,2,67,69,40,13
4/26/2025,51,PM10,Mecca (Saul Martinez),06-065-2005,AirNow,2,49,51,24,11
4/27/2025,54,Ozone,Joshua Tree NP - Cottonwood Visitor Center,06-065-0010,AirNow,2,54,24,24,8
4/28/2025,54,Ozone,Palm Springs,06-065-5001,AQS,2,54,17,32,9
4/29/2025,84,Ozone,Banning Airport,06-065-0012,AQS,6,84,32,54,26
4/30/2025,80,Ozone,Indio Amistad High School,06-065-2007,AirNow,3,80,38,58,15
5/1/2025,74,Ozone,Indio Amistad High School,06-065-2007,AirNow,2,74,33,55,.
5/2/2025,101,Ozone,Banning Airport,06-065-0012,AirNow,.,101,38,62,.
5/3/2025,71,Ozone,Indio Amistad High School,06-065-2007,AirNow,.,71,66,55,.
5/4/2025,75,PM10,Mecca (Saul Martinez),06-065-2005,AirNow,.,47,75,27,.
5/5/2025,41,Ozone,Blythe-445 W Murphy Street,06-065-9003,AirNow,.,41,11,27,.
5/6/2025,49,Ozone,Joshua Tree NP - Cottonwood Visitor Center,06-065-0010,AirNow,.,49,27,39,.
5/7/2025,87,Ozone,Banning Airport,06-065-0012,AirNow,.,87,27,54,.
5/8/2025,126,Ozone,Rubidoux,06-065-8001,AirNow,.,126,39,60,.
5/9/2025,154,Ozone,Rubidoux,06-065-8001,AirNow,.,154,47,63,.
5/10/2025,150,Ozone,Rubidoux,06-065-8001,AirNow,.,150,35,53,.
5/11/2025,100,Ozone,Rubidoux,06-065-8001,AirNow,.,100,36,53,.
5/12/2025,67,Ozone,Joshua Tree NP - Cottonwood Visitor Center,06-065-0010,AirNow,.,67,55,55,.
5/13/2025,146,PM10,Mecca (Saul Martinez),06-065-2005,AirNow,.,51,146,33,.
5/14/2025,66,PM2.5,Mira Loma (Van Buren),06-065-8005,AirNow,.,61,48,66,.
5/15/2025,90,Ozone,Palm Springs,06-065-5001,AirNow,.,90,37,55,.
5/16/2025,97,Ozone,Palm Springs,06-065-5001,AirNow,.,97,61,58,.
5/17/2025,154,PM10,Indio Amistad High School,06-065-2007,AirNow,.,51,154,63,.
5/18/2025,61,Ozone,Indio Amistad High School,06-065-2007,AirNow,.,61,46,42,.
5/19/2025,108,Ozone,Banning Airport,06-065-0012,AirNow,.,108,39,55,.
5/20/2025,112,Ozone,Rubidoux,06-065-8001,AirNow,.,112,46,59,.
5/21/2025,136,Ozone,Rubidoux,06-065-8001,AirNow,.,136,48,63,.
5/22/2025,140,Ozone,Banning Airport,06-065-0012,AirNow,.,140,52,60,.
5/23/2025,126,Ozone,Indio Amistad High School,06-065-2007,AirNow,.,126,73,66,.
5/24/2025,97,Ozone,Joshua Tree NP - Cottonwood Visitor Center,06-065-0010,AirNow,.,97,55,56,.
5/25/2025,101,Ozone,Indio Amistad High School,06-065-2007,AirNow,.,101,51,55,.
5/26/2025,100,Ozone,Joshua Tree NP - Cottonwood Visitor Center,06-065-0010,AirNow,.,100,53,58,.
5/27/2025,93,Ozone,Palm Springs,06-065-5001,AirNow,.,93,39,58,.
5/28/2025,100,Ozone,Palm Springs,06-065-5001,AirNow,.,100,39,59,.
5/29/2025,156,Ozone,Banning Airport,06-065-0012,AirNow,.,156,42,60,.
5/30/2025,147,Ozone,Rubidoux,06-065-8001,AirNow,.,147,46,72,.
5/31/2025,118,PM2.5,Pechanga,06-065-0009,AirNow,.,108,60,118,.
6/1/2025,67,Ozone,Banning Airport,06-065-0012,AirNow,.,67,64,48,.
6/2/2025,54,Ozone,Banning Airport,06-065-0012,AirNow,.,54,31,45,.
6/3/2025,53,PM2.5,Rubidoux,06-065-8001,AirNow,.,51,43,53,.
6/4/2025,101,Ozone,Palm Springs,06-065-5001,AirNow,.,101,22,55,.
6/5/2025,105,Ozone,Palm Springs,06-065-5001,AirNow,.,105,31,55,.
6/6/2025,129,Ozone,Banning Airport,06-065-0012,AirNow,.,129,31,64,.
6/7/2025,129,Ozone,Banning Airport,06-065-0012,AirNow,.,129,41,62,.
6/8/2025,115,Ozone,Banning Airport,06-065-0012,AirNow,.,115,36,61,.
6/9/2025,112,Ozone,Indio Amistad High School,06-065-2007,AirNow,.,112,49,61,.
6/10/2025,156,Ozone,Banning Airport,06-065-0012,AirNow,.,156,44,64,.
6/11/2025,172,Ozone,Banning Airport,06-065-0012,AirNow,.,172,41,67,.
6/12/2025,105,Ozone,Rubidoux,06-065-8001,AirNow,.,105,48,63,.
6/13/2025,140,Ozone,Palm Springs,06-065-5001,AirNow,.,140,44,64,.
6/14/2025,150,Ozone,Rubidoux,06-065-8001,AirNow,.,150,45,69,.
6/15/2025,156,Ozone,Rubidoux,06-065-8001,AirNow,.,156,47,70,.
6/16/2025,154,Ozone,Rubidoux,06-065-8001,AirNow,.,154,54,70,.
6/17/2025,159,Ozone,Rubidoux,06-065-8001,AirNow,.,159,56,68,.
6/18/2025,195,Ozone,Banning Airport,06-065-0012,AirNow,.,195,54,69,.
6/19/2025,150,Ozone,Palm Springs,06-065-5001,AirNow,.,150,65,66,.
6/20/2025,105,Ozone,Indio Amistad High School,06-065-2007,AirNow,.,105,77,63,.
6/21/2025,136,PM10,Indio Amistad High School,06-065-2007,AirNow,.,61,136,64,.
6/22/2025,74,Ozone,Palm Springs,06-065-5001,AirNow,.,74,70,60,.
6/23/2025,71,Ozone,Joshua Tree NP - Cottonwood Visitor Center,06-065-0010,AirNow,.,71,59,60,.
6/24/2025,93,Ozone,Palm Springs,06-065-5001,AirNow,.,93,51,60,.
6/25/2025,154,Ozone,Banning Airport,06-065-0012,AirNow,.,154,45,62,.
6/26/2025,156,Ozone,Banning Airport,06-065-0012,AirNow,.,156,43,62,.
6/27/2025,129,Ozone,Banning Airport,06-065-0012,AirNow,.,129,45,60,.
6/28/2025,143,Ozone,Rubidoux,06-065-8001,AirNow,.,143,34,56,.
6/29/2025,129,Ozone,Rubidoux,06-065-8001,AirNow,.,129,38,59,.
6/30/2025,90,Ozone,Indio Amistad High School,06-065-2007,AirNow,.,90,70,53,.
